# {"t_start": 1562275627.5963466, "env_id": "ReacherBL-v2"} 
r,l,t
-98.233232,50,1.226609
-96.795792,50,1.787593
-104.120577,50,2.352058
-107.916365,50,2.906933
-101.310303,50,3.458929
-89.608477,50,4.0137
-105.137163,50,4.566916
-97.217272,50,5.129271
-110.494832,50,5.684349
-84.688825,50,6.24185
-103.59312,50,6.797847
-100.463018,50,7.335924
-76.366836,50,7.795879
-93.246207,50,8.317988
-101.622519,50,8.887467
-94.280183,50,9.463192
-97.94977,50,10.052905
-103.081751,50,10.641495
-95.344502,50,11.239295
-105.393411,50,11.834309
-94.968493,50,12.62572
-108.734218,50,13.230314
-72.17309,50,13.807703
-78.276802,50,14.382492
-88.109124,50,14.954351
-105.611534,50,15.522088
-94.177418,50,16.103013
-102.011399,50,16.685746
-103.315905,50,17.264799
-93.936772,50,17.86412
-108.810471,50,18.456559
-80.243582,50,19.047618
-111.018295,50,19.673938
-79.12423,50,20.307037
-81.059885,50,20.944661
-100.541138,50,21.585757
-91.014609,50,22.228209
-77.560153,50,22.879432
-54.393956,50,23.529824
-106.517578,50,24.181835
-108.722078,50,24.906017
-98.720286,50,25.55818
-55.582346,50,26.216436
-83.855665,50,26.88444
-89.831886,50,27.561247
-93.860532,50,28.220386
-65.481136,50,28.879791
-26.53318,50,29.538723
-45.200155,50,30.194742
-25.296584,50,30.861893
-69.311138,50,31.530612
-94.287167,50,32.200331
-95.36537,50,32.873265
-63.872862,50,33.543885
-96.280428,50,34.212477
-53.781968,50,34.877107
-60.602243,50,35.551296
-82.964998,50,36.224267
-102.697877,50,36.899216
-74.41933,50,37.555408
-77.04556,50,38.310836
-7.749421,50,38.987876
-42.308936,50,39.663993
-91.336787,50,40.337429
-65.137975,50,41.017379
-74.330953,50,41.695117
-107.915071,50,42.382883
-90.387031,50,43.072639
-55.865309,50,43.756501
-24.781562,50,44.433094
-22.271238,50,45.099451
-43.218078,50,45.787038
-59.785214,50,46.493181
-39.876851,50,47.188892
-24.889454,50,47.881537
-93.682022,50,48.573366
-53.141088,50,49.26834
-38.296838,50,49.967342
-53.097874,50,50.664065
-22.07543,50,51.365161
-65.811496,50,52.138062
-57.501019,50,52.846106
-76.422155,50,53.524741
-19.031851,50,54.218817
-76.345049,50,54.918253
-9.899411,50,55.610701
-12.348285,50,56.318445
-49.586603,50,57.020084
-37.736628,50,57.71281
-49.195672,50,58.423067
-16.953473,50,59.135713
-15.201351,50,59.851625
-35.015479,50,60.577975
-21.918529,50,61.298304
-18.943298,50,62.014723
-34.359333,50,62.726306
-46.552462,50,63.437532
-18.465594,50,64.146137
-32.540108,50,64.851967
-47.379463,50,65.564446
-27.891947,50,66.355414
-49.902192,50,67.073037
-32.123537,50,67.785247
-22.945361,50,68.497825
-44.714471,50,69.212756
-14.206424,50,69.930111
-14.791638,50,70.65096
-13.745455,50,71.377087
-17.797084,50,72.096981
-25.858705,50,72.820813
-10.116733,50,73.549813
-19.271054,50,74.272967
-33.704088,50,74.997288
-22.67045,50,75.724104
-9.45199,50,76.457906
-12.804415,50,77.192462
-21.183563,50,77.92453
-18.617222,50,78.634639
-19.162756,50,79.375227
-14.998821,50,80.119564
-20.93959,50,80.923099
-13.543991,50,81.656107
-15.060439,50,82.386978
-14.01831,50,83.11313
-26.27179,50,83.839761
-20.152763,50,84.568535
-19.386311,50,85.289922
-21.925482,50,86.009857
-21.437141,50,86.731667
-7.862084,50,87.462535
-20.758771,50,88.195555
-9.406902,50,88.927149
-13.173117,50,89.667333
-10.376657,50,90.409659
-10.255038,50,91.162382
-8.548871,50,91.932333
-16.073671,50,92.694791
-7.844017,50,93.443517
-13.81569,50,94.184956
-13.551627,50,94.929907
-18.271662,50,95.73381
-18.574649,50,96.472592
-15.742927,50,97.208182
-14.385528,50,97.946407
-7.69559,50,98.668978
-9.915896,50,99.406907
-17.788836,50,100.150115
-15.639535,50,100.888702
-14.769878,50,101.643555
-13.348748,50,102.408491
-13.005489,50,103.177719
-18.303299,50,103.945846
-15.014808,50,104.717739
-10.971868,50,105.479109
-7.855913,50,106.235527
-16.522324,50,106.98251
-10.367571,50,107.727113
-12.360699,50,108.476384
-12.608763,50,109.225947
-15.821257,50,109.977597
-13.165337,50,110.818483
-16.084586,50,111.563626
-16.839928,50,112.316454
-10.049295,50,113.092847
-10.534205,50,113.865453
-13.196962,50,114.643955
-12.426093,50,115.421404
-15.719353,50,116.199142
-8.253136,50,116.969776
-9.050677,50,117.733883
-18.709432,50,118.487762
-16.186517,50,119.269072
-15.619074,50,120.009751
-16.805238,50,120.760242
-8.448808,50,121.517174
-8.519656,50,122.289461
-18.811294,50,123.064804
-8.069463,50,123.844184
-18.728405,50,124.629974
-7.231912,50,125.415912
-5.757684,50,126.300033
-15.444545,50,127.084635
-12.350191,50,127.86086
-16.784121,50,128.639979
-13.928648,50,129.425307
-8.000266,50,130.21427
-15.492893,50,131.018612
-9.568231,50,131.816176
-4.111582,50,132.613274
-13.269308,50,133.40489
-10.581717,50,134.18805
-13.044417,50,134.969605
-12.543408,50,135.750108
-14.689913,50,136.524967
-12.620289,50,137.291506
-12.977521,50,137.99477
-13.593055,50,138.743633
-19.580661,50,139.524899
-15.551444,50,140.31807
-9.771807,50,141.09645
-15.41675,50,141.922934
-11.326992,50,142.701804
-4.730228,50,143.488028
-13.303366,50,144.204383
-15.100861,50,144.993805
-16.926653,50,145.801258
-7.404586,50,146.607645
-22.821699,50,147.418226
-15.078551,50,148.226391
-16.96022,50,149.006478
-8.337819,50,149.796988
-7.736415,50,150.551495
-6.726639,50,151.315573
-14.043261,50,152.092314
-5.725062,50,152.872419
-12.533493,50,153.653717
-13.56775,50,154.430242
-19.333653,50,155.21066
-10.602738,50,155.994323
-16.695595,50,156.78259
-12.262997,50,157.663631
-13.424028,50,158.446177
-6.384812,50,159.250812
-9.676516,50,160.050244
-14.342026,50,160.842322
-16.129695,50,161.628033
-10.963072,50,162.416423
-10.884076,50,163.204473
-9.964224,50,163.996673
-21.136344,50,164.776996
-10.603292,50,165.56453
-13.664733,50,166.34829
-12.343339,50,167.143929
-12.513516,50,167.928864
-7.299485,50,168.720214
-9.993104,50,169.528075
-14.99992,50,170.316809
-8.220471,50,171.101913
-12.203309,50,171.875123
-14.320933,50,172.654853
-19.584277,50,173.523273
-17.141109,50,174.284226
-10.218585,50,175.057002
-10.096343,50,175.833971
-14.783686,50,176.608314
-8.497399,50,177.38032
-10.51812,50,178.156407
-12.132907,50,178.932231
-12.045209,50,179.710126
-14.524376,50,180.482422
-7.843293,50,181.263497
-14.365392,50,182.037302
-16.865064,50,182.812161
-12.732486,50,183.591813
-12.857097,50,184.368305
-14.165245,50,185.147881
-11.128141,50,185.927999
-15.68421,50,186.711155
-20.913584,50,187.494506
-13.728924,50,188.266807
-23.236809,50,189.13491
-14.693294,50,189.909573
-11.49113,50,190.679441
-10.227286,50,191.450687
-12.140218,50,192.22795
-12.868622,50,193.013065
-15.627609,50,193.795866
-7.233157,50,194.579174
-9.607888,50,195.366789
-11.118828,50,196.142599
-10.961363,50,196.923462
-7.852853,50,197.68581
-12.956022,50,198.473465
-25.400943,50,199.258594
-16.413108,50,200.040869
-3.92943,50,200.82496
-14.695994,50,201.619745
-5.416698,50,202.427298
-18.600051,50,203.22607
-10.984011,50,204.01447
-6.572698,50,204.863596
-8.222961,50,205.628656
-10.345967,50,206.406006
-9.976163,50,207.17924
-14.969666,50,207.944232
-14.163107,50,208.742032
-8.867732,50,209.537064
-10.704277,50,210.331738
-25.119895,50,211.120223
-19.716121,50,211.915965
-10.08291,50,212.704275
-12.265235,50,213.490499
-11.225522,50,214.27794
-9.901499,50,215.057011
-11.920967,50,215.841261
-8.682321,50,216.625142
-13.727573,50,217.420245
-14.356045,50,218.19906
-12.969578,50,218.991523
-13.786146,50,219.776363
-19.39255,50,220.685375
-10.415862,50,221.47903
-10.696696,50,222.266536
-16.531928,50,223.063079
-14.895203,50,223.868324
-11.701138,50,224.671067
-16.152957,50,225.475662
-14.663276,50,226.279411
-12.385915,50,227.075689
-9.287647,50,227.876972
-14.393203,50,228.66962
-22.111136,50,229.407007
-14.862296,50,230.211819
-13.43631,50,231.028037
-11.510773,50,231.841712
-6.105609,50,232.641578
-10.446145,50,233.424904
-12.767641,50,234.217382
-23.050201,50,235.028005
-17.312639,50,235.802073
-11.082081,50,236.67851
-17.244906,50,237.478313
-12.920643,50,238.288124
-18.666583,50,239.090346
-16.387527,50,239.888715
-17.02375,50,240.686778
-15.409498,50,241.470029
-14.073267,50,242.271504
-6.656757,50,243.078162
-11.077776,50,243.876989
-12.892405,50,244.67444
-12.815243,50,245.481002
-8.50068,50,246.280816
-10.013753,50,247.081484
-16.657248,50,247.893277
-7.436719,50,248.688429
-14.854196,50,249.478075
-11.879944,50,250.270561
-11.012853,50,251.072428
-10.147751,50,251.874479
-16.141204,50,252.765275
-14.094958,50,253.54376
-9.096931,50,254.324271
-11.247465,50,255.122905
-14.115231,50,255.923179
-16.548365,50,256.719346
-9.755081,50,257.521766
-17.317354,50,258.320022
-17.334195,50,259.118075
-12.380906,50,259.91445
-9.445073,50,260.717232
-11.777142,50,261.528184
-12.172307,50,262.339699
-6.92127,50,263.142846
-7.949333,50,263.9537
-9.251584,50,264.768201
-14.462784,50,265.57497
-11.051279,50,266.368152
-16.19815,50,267.074035
-18.139956,50,267.772891
-17.650413,50,268.579907
-16.97591,50,269.275864
-10.454591,50,270.094675
-13.066111,50,270.817652
-16.744494,50,271.544391
-17.707607,50,272.257056
-19.109629,50,272.935012
-16.886946,50,273.76312
-15.26903,50,274.57651
-9.236611,50,275.431684
-21.926837,50,276.307572
-12.84711,50,277.176026
-17.833863,50,278.048874
-19.437886,50,278.929873
-13.064401,50,279.775748
-17.229313,50,280.622162
-17.805182,50,281.446686
-13.376091,50,282.334771
-18.747878,50,283.204605
-7.976688,50,284.052332
-15.642047,50,284.989446
-15.534688,50,285.845476
-15.108668,50,286.722534
-15.52702,50,287.587701
-16.032298,50,288.431213
-16.460602,50,289.26858
-12.297505,50,290.075348
-9.739673,50,290.905775
-8.96058,50,291.766029
-15.296303,50,292.649001
-13.905694,50,293.503789
-14.601813,50,294.352533
-14.754106,50,295.169314
-18.956385,50,296.020169
-8.688864,50,296.869902
-8.378068,50,297.699601
-16.585903,50,298.513648
-9.718747,50,299.358106
-10.483598,50,300.202118
-14.257855,50,301.076338
-19.709983,50,302.050808
-4.371453,50,302.913501
-12.122468,50,303.760896
-13.48005,50,304.661852
-14.349109,50,305.528324
-14.259835,50,306.383029
-17.611581,50,307.24816
-19.686188,50,308.112329
-21.573976,50,308.976419
-31.829958,50,309.822443
-12.511205,50,310.684207
-15.714901,50,311.545645
-21.628078,50,312.415694
-20.75684,50,313.223738
-8.962792,50,314.08442
-10.787728,50,314.921817
-17.858811,50,315.766951
-14.529314,50,316.557811
-13.725987,50,317.404945
-15.703142,50,318.266404
-14.918303,50,319.208427
-8.313978,50,320.093423
-9.547226,50,320.946018
-9.225666,50,321.798415
-14.406957,50,322.621139
-10.053262,50,323.45425
-13.439701,50,324.31415
-6.163861,50,325.178108
-10.623107,50,326.055684
-17.069233,50,326.923895
-13.501968,50,327.778559
-8.210724,50,328.619797
-12.61539,50,329.465379
-11.530228,50,330.266567
-14.266463,50,331.108367
-16.779329,50,331.972036
-12.260841,50,332.844012
-9.818635,50,333.653594
-14.938817,50,334.495522
-5.764112,50,335.33744
-27.355858,50,336.316812
-5.668974,50,337.199772
-19.432623,50,338.084478
-14.728358,50,338.913037
-13.986634,50,339.754169
-18.581179,50,340.584244
-8.621392,50,341.438458
-12.341528,50,342.283533
-8.29856,50,343.103756
-9.134961,50,343.972717
-9.272926,50,344.841307
-11.716937,50,345.706578
-15.038191,50,346.551981
-7.702446,50,347.409218
-9.045067,50,348.26266
-11.86705,50,349.111663
-10.661171,50,349.965812
-12.29418,50,350.828084
-9.178927,50,351.706068
-13.033299,50,352.566082
-13.393438,50,353.535337
-11.822732,50,354.418674
-10.433385,50,355.254133
-12.276552,50,356.138753
-10.72743,50,356.98917
-15.203125,50,357.823828
-12.330955,50,358.673282
-7.346927,50,359.528957
-8.574047,50,360.35003
-7.571189,50,361.166759
-11.649376,50,362.033305
-14.996715,50,362.873966
-17.883634,50,363.714827
-16.450599,50,364.57624
-9.172668,50,365.467322
-16.703415,50,366.33858
-5.965704,50,367.234753
-15.436022,50,368.082324
-9.885317,50,368.957037
-17.884776,50,369.826684
-16.815397,50,370.801332
-9.40551,50,371.670777
-14.7994,50,372.503404
-19.306571,50,373.386747
-12.764617,50,374.249921
-7.811923,50,375.099669
-13.091519,50,375.958958
-17.430565,50,376.843168
-12.827621,50,377.651099
-11.211431,50,378.510357
-8.169856,50,379.375844
-10.53645,50,380.231737
-16.238616,50,381.084205
-13.913684,50,381.924057
-23.137169,50,382.788221
-16.396203,50,383.628614
-16.459387,50,384.485362
-19.194675,50,385.349474
-11.517237,50,386.211156
-8.836734,50,387.061477
-16.202663,50,388.022865
-13.890706,50,388.876298
-10.820936,50,389.706643
-24.753446,50,390.548692
-11.621333,50,391.366824
-16.142236,50,392.21436
-15.951696,50,393.072845
-9.675771,50,393.900913
-23.609099,50,394.748873
-18.176933,50,395.63157
-6.714803,50,396.473241
-5.94239,50,397.327926
-9.394724,50,398.211903
-12.486107,50,399.048957
-14.546588,50,399.917408
-17.042909,50,400.772167
-13.798487,50,401.630347
-10.878233,50,402.478411
-6.115002,50,403.337815
-10.374765,50,404.215622
-15.232758,50,405.148928
-15.588616,50,406.021538
-11.999797,50,406.832383
-6.86469,50,407.659387
-16.010489,50,408.520834
-10.106986,50,409.387711
-12.640124,50,410.273315
-16.312779,50,411.141472
-10.88807,50,411.980984
-9.345842,50,412.861238
-11.551271,50,413.725373
-11.796982,50,414.560135
-10.324461,50,415.402817
-13.696304,50,416.255203
-10.014544,50,417.088713
-4.460547,50,417.923329
-17.524121,50,418.811019
-11.097531,50,419.676754
-9.360844,50,420.553002
-8.57081,50,421.407374
-13.024192,50,422.4001
-18.389742,50,423.274397
-16.961909,50,424.127877
-9.335554,50,424.986907
-6.746609,50,425.866269
-10.671516,50,426.726527
-10.953572,50,427.595234
-12.656245,50,428.461194
-8.897966,50,429.28579
-10.315473,50,430.15167
-15.867354,50,431.009683
-10.193986,50,431.846326
-10.68684,50,432.722915
-5.814889,50,433.592988
-12.377634,50,434.448231
-13.123569,50,435.244694
-14.867803,50,436.127226
-16.049812,50,436.993704
-9.684304,50,437.847167
-12.993641,50,438.694824
-12.413132,50,439.64512
-16.747441,50,440.504178
-14.560097,50,441.368026
-13.151531,50,442.20638
-17.211675,50,443.064469
-12.96165,50,443.919706
-9.905685,50,444.795073
-7.777615,50,445.664845
-8.382639,50,446.543395
-17.006085,50,447.448843
-12.717841,50,448.303309
-12.564606,50,449.193814
-9.912179,50,450.084946
-9.294881,50,450.959909
-14.254322,50,451.855784
-30.132789,50,452.657278
-13.500297,50,453.530781
-5.695737,50,454.374589
-15.673072,50,455.240313
-16.378497,50,456.127984
-9.543162,50,457.112042
-16.568786,50,457.978443
-16.791144,50,458.831217
-18.858288,50,459.718175
-13.912336,50,460.584015
-19.550265,50,461.433696
-18.53822,50,462.299694
-17.138339,50,463.172897
-9.438756,50,464.05048
-16.953922,50,464.959417
-10.424429,50,465.841674
-10.525864,50,466.706434
-9.322268,50,467.596062
-10.478093,50,468.437376
-11.2069,50,469.277801
-21.985535,50,470.159123
-19.178887,50,471.018809
-7.290609,50,471.936889
-12.725749,50,472.808668
-17.581644,50,473.681626
-20.236851,50,474.677152
-13.964957,50,475.539929
-9.882069,50,476.440452
-8.956081,50,477.305262
-10.65329,50,478.16899
-13.744403,50,479.045859
-22.853133,50,479.965838
-15.854222,50,480.837951
-17.916382,50,481.706048
-11.295923,50,482.546231
-18.009542,50,483.409686
-11.18357,50,484.303289
-13.740177,50,485.163948
-12.091244,50,486.026217
-24.316932,50,486.897086
-10.210298,50,487.795053
-14.45354,50,488.662579
-13.426515,50,489.558301
-11.685222,50,490.464833
-12.713591,50,491.337117
-15.593511,50,492.327515
-10.80819,50,493.17569
-6.839563,50,494.076469
-12.130788,50,494.964628
-9.370996,50,495.839329
-7.450128,50,496.727578
-10.743812,50,497.600338
-17.41431,50,498.454498
-16.677277,50,499.349238
-10.852884,50,500.235121
-12.714118,50,501.124377
-11.725975,50,502.018874
-8.444612,50,502.872692
-9.761293,50,503.73052
-13.98651,50,504.583826
-8.059791,50,505.461219
-14.26875,50,506.388133
-14.44202,50,507.239318
-13.358977,50,508.10305
-14.10164,50,508.992913
-10.138701,50,509.986804
-9.792301,50,510.851577
-12.073615,50,511.727034
-13.830484,50,512.606123
-14.823937,50,513.498375
-9.694023,50,514.387363
-11.637903,50,515.215812
-11.446084,50,516.08338
-19.380565,50,516.906153
-14.374194,50,517.760146
-10.343097,50,518.679595
-17.068007,50,519.559726
-10.827646,50,520.435365
-13.232097,50,521.297896
-8.693983,50,522.159314
-13.737237,50,523.024024
-18.490919,50,523.905025
-11.581108,50,524.835082
-12.70549,50,525.707473
-16.156435,50,526.588524
-9.145791,50,527.560829
-15.731961,50,528.458605
-12.135231,50,529.331243
-12.927243,50,530.208499
-17.963168,50,531.098099
-17.613009,50,531.965474
-17.549522,50,532.821345
-13.710209,50,533.670496
-10.447456,50,534.51705
-14.000368,50,535.370027
-6.374422,50,536.241393
-22.698044,50,537.106404
-16.736018,50,538.002842
-18.197617,50,538.871748
-11.107857,50,539.737629
-12.497219,50,540.617165
-12.011401,50,541.51347
-12.194178,50,542.403793
-16.280077,50,543.255626
-18.378922,50,544.140864
-11.003877,50,545.16009
-19.894045,50,546.037263
-18.426463,50,546.929641
-11.692417,50,547.778822
-7.220019,50,548.661598
-7.70706,50,549.536866
-8.63903,50,550.439914
-12.960626,50,551.293525
-15.189821,50,552.198745
-21.659883,50,553.081099
-11.128159,50,553.951911
-22.028033,50,554.830136
-8.47056,50,555.702888
-17.054532,50,556.635141
-10.97791,50,557.506764
-11.008972,50,558.379034
-18.989145,50,559.239407
-15.828464,50,560.124956
-8.929477,50,561.03967
-6.584033,50,561.902801
-15.735469,50,562.849952
-14.687987,50,563.720004
-17.939604,50,564.610377
-11.617388,50,565.534133
-6.177026,50,566.45025
-7.30678,50,567.293297
-11.03048,50,568.170508
-15.093227,50,569.022502
-15.256867,50,569.899038
-14.96304,50,570.801038
-12.983388,50,571.688081
-5.909085,50,572.522959
-15.055048,50,573.382636
-11.763492,50,574.265761
-14.162642,50,575.170266
-15.012248,50,576.043976
-12.39424,50,576.924268
-20.047797,50,577.784881
-11.425605,50,578.652447
-15.961255,50,579.516917
-6.288629,50,580.534011
-17.199368,50,581.401361
-10.597701,50,582.273837
-10.729739,50,583.182815
-19.572782,50,584.089401
-12.949263,50,584.998165
-17.329481,50,585.894417
-15.272788,50,586.759298
-15.530067,50,587.643866
-9.499713,50,588.531318
-17.873884,50,589.431793
-9.322542,50,590.318411
-7.626604,50,591.160786
-22.631472,50,592.027637
-10.71005,50,592.939581
-14.78792,50,593.824151
-10.660892,50,594.709581
-23.670547,50,595.622941
-16.481257,50,596.553397
-18.310574,50,597.446051
-12.302935,50,598.478213
-20.014794,50,599.362797
-10.04476,50,600.232821
-8.148726,50,601.112525
-11.140055,50,602.009579
-31.666135,50,602.900494
-7.033051,50,603.77892
-11.81513,50,604.670816
-16.623699,50,605.560595
-12.005415,50,606.458142
-14.741504,50,607.328564
-13.163717,50,608.174355
-20.376523,50,609.054386
-9.707868,50,609.933808
-8.133879,50,610.828218
-16.539231,50,611.715952
-13.239721,50,612.581245
-18.790244,50,613.42277
-12.22396,50,614.239571
-17.794877,50,615.05936
-14.984027,50,616.10408
-8.744911,50,616.976214
-12.213987,50,617.811332
-16.051538,50,618.654409
-24.679887,50,619.508354
-11.393603,50,620.300685
-18.954142,50,621.174137
-15.522421,50,622.123851
-18.484432,50,623.125407
-14.660969,50,624.094584
-6.672984,50,625.026978
-14.25305,50,625.981874
-17.616624,50,626.945448
-19.648646,50,627.899098
-12.090258,50,628.889756
-15.939476,50,629.852183
-8.889133,50,630.817437
-16.83424,50,631.796673
-24.761694,50,632.751907
-9.428365,50,633.706118
-14.782798,50,634.817918
-14.228596,50,635.828808
-12.670798,50,636.78827
-9.123888,50,637.760034
-16.646472,50,638.736902
-13.778393,50,639.715729
-12.396052,50,640.711105
-17.925634,50,641.664192
-12.411758,50,642.669277
-11.583275,50,643.649734
-13.940761,50,644.636359
-11.476343,50,645.644271
-9.993415,50,646.627298
-20.853529,50,647.597794
-9.902111,50,648.591318
-7.99991,50,649.593344
-7.685381,50,650.554757
-9.707571,50,651.529023
-7.859949,50,652.506805
-13.849368,50,653.456641
-16.285719,50,654.610911
-14.972855,50,655.572346
-8.676084,50,656.5856
-13.444848,50,657.580825
-15.933614,50,658.54225
-14.993728,50,659.544674
-13.780886,50,660.512591
-9.936066,50,661.505127
-14.744377,50,662.512765
-13.221036,50,663.495093
-10.763542,50,664.506967
-13.993129,50,665.47561
-21.778853,50,666.469025
-16.692899,50,667.470939
-15.410828,50,668.450422
-11.195997,50,669.416934
-15.149291,50,670.377235
-12.381038,50,671.364741
-16.210712,50,672.311869
-14.08786,50,673.22129
-12.456779,50,674.358347
-19.837981,50,675.3021
-11.414627,50,676.301724
-11.569433,50,677.276254
-13.583317,50,678.231743
-15.134053,50,679.186521
-9.452297,50,680.175017
-7.590255,50,681.138591
-10.723333,50,682.120741
-10.76926,50,683.084758
-10.028879,50,684.054272
-7.355386,50,685.008113
-22.842734,50,685.998291
-18.46389,50,686.979477
-18.604578,50,687.948119
-25.754075,50,688.925318
-15.763621,50,689.926847
-16.590465,50,690.942513
-11.554947,50,691.913818
-35.033,50,692.910489
-11.186981,50,694.019911
-11.590776,50,695.017851
-15.886017,50,696.0033
-10.460356,50,696.985646
-7.493932,50,697.939735
-9.161585,50,698.921666
-16.935334,50,699.907458
-16.676827,50,700.900312
-14.566985,50,701.923112
-9.603441,50,702.891553
-11.112348,50,703.835171
-12.64005,50,704.802783
-11.972985,50,705.810851
-19.576809,50,706.816717
-11.196159,50,707.7759
-14.657687,50,708.755743
-12.982266,50,709.700176
-13.306885,50,710.674564
-13.192395,50,711.661123
-8.183578,50,712.62264
-13.044184,50,713.727103
-9.837173,50,714.723897
-10.546756,50,715.671766
-13.715733,50,716.655599
-14.03638,50,717.656558
-7.022099,50,718.655691
-10.32239,50,719.595426
-19.824907,50,720.587152
-18.138599,50,721.605519
-11.215884,50,722.572308
-10.380217,50,723.539196
-14.886307,50,724.507395
-13.72507,50,725.479561
-13.226882,50,726.474759
-10.215909,50,727.424354
-14.364904,50,728.367996
-7.07225,50,729.35487
-8.870511,50,730.321526
-7.758517,50,731.372309
-17.052879,50,732.382212
-9.284549,50,733.513458
-11.07388,50,734.470706
-10.57592,50,735.485301
-17.557393,50,736.427032
-16.478225,50,737.427665
-10.133943,50,738.410266
-11.564593,50,739.413984
-10.894413,50,740.383591
-14.774827,50,741.379297
-18.050686,50,742.346711
-12.085186,50,743.352646
-16.782815,50,744.335432
-6.296367,50,745.309298
-23.489794,50,746.246364
-16.301387,50,747.198803
-12.448248,50,748.202222
-6.955744,50,749.199625
-18.076166,50,750.167189
-9.708775,50,751.144384
-13.889425,50,752.12509
-7.227598,50,753.265578
-15.300938,50,754.226046
-5.796735,50,755.15639
-15.460215,50,756.098265
-26.517099,50,757.053155
-9.48926,50,758.009614
-21.010041,50,759.018565
-9.513347,50,760.004357
-13.503471,50,760.995956
-5.238108,50,761.998297
-16.334055,50,762.934767
-13.737005,50,763.946559
-20.03425,50,764.955529
-8.87776,50,765.913332
-13.619443,50,766.913521
-20.063454,50,767.862247
-11.693592,50,768.750049
-17.860241,50,769.744072
-21.305874,50,770.734208
-10.90256,50,771.716845
-8.747203,50,772.821169
-8.04034,50,773.738257
-7.115843,50,774.67123
-13.376617,50,775.604643
-19.842504,50,776.53353
-10.997714,50,777.530689
-14.763245,50,778.46933
-26.090887,50,779.391368
-14.520212,50,780.393335
-9.899885,50,781.388304
-8.649921,50,782.325451
-12.586886,50,783.29952
-11.165043,50,784.265724
-9.631705,50,785.2219
-9.561059,50,786.2519
-8.714382,50,787.207564
-8.444244,50,788.234384
-10.371647,50,789.198897
-8.297444,50,790.163434
-9.018383,50,791.163797
-10.43516,50,792.345657
-6.521711,50,793.31015
-14.138737,50,794.277234
-11.346942,50,795.255105
-10.323451,50,796.238705
-14.876827,50,797.213525
-16.402595,50,798.239255
-11.316526,50,799.194157
-17.269349,50,800.126797
-7.187982,50,801.08651
-10.018818,50,802.105987
-15.688699,50,803.110436
-15.982796,50,804.077311
-7.665622,50,805.04712
-16.089209,50,805.995063
-17.259093,50,806.997144
-6.289016,50,808.035433
-8.242187,50,809.010861
-15.370365,50,809.911594
-7.880329,50,810.817508
-14.073763,50,811.965454
-14.522801,50,812.966686
-9.946352,50,813.94439
-20.569602,50,814.931341
-10.28527,50,815.914881
-12.036528,50,816.887121
-6.689454,50,817.858219
-15.661005,50,818.848971
-18.458331,50,819.844252
-15.105031,50,820.853073
-7.279343,50,821.787852
-14.480629,50,822.738867
-14.952619,50,823.682717
-10.701449,50,824.684306
-7.692906,50,825.663518
-13.692388,50,826.614628
-13.098055,50,827.585244
-9.225661,50,828.552477
-12.423888,50,829.527129
-12.230441,50,830.495648
-17.370603,50,831.582787
-7.06195,50,832.524193
-14.399062,50,833.52518
-17.429732,50,834.518636
-11.325387,50,835.498396
-25.170589,50,836.404772
-10.504357,50,837.373199
-8.566268,50,838.366345
-9.079621,50,839.34114
-9.359253,50,840.354581
-11.250428,50,841.336805
-9.930802,50,842.273509
-13.221154,50,843.284199
-7.56579,50,844.268829
-9.227698,50,845.268435
-9.222821,50,846.269379
-9.223064,50,847.204942
-11.388315,50,848.160913
-9.962428,50,849.149784
-14.257599,50,850.132493
-22.462736,50,851.281197
-13.566736,50,852.271796
-12.899939,50,853.228646
-7.612899,50,854.25118
-17.109254,50,855.239835
-11.632255,50,856.222552
-19.593944,50,857.190251
-10.767735,50,858.17274
-10.438402,50,859.1377
-16.027404,50,860.103176
-10.890452,50,861.08582
-13.115039,50,862.098977
-8.828061,50,863.089634
-14.194542,50,864.051033
-11.684202,50,865.04564
-17.553371,50,866.024864
-23.430202,50,867.046681
-13.732766,50,867.977858
-7.279814,50,868.952067
-14.41223,50,869.971309
-6.064001,50,871.102936
-6.481588,50,872.067975
-8.254362,50,873.064654
-12.741604,50,874.026425
-11.798584,50,874.957901
-5.681631,50,875.915584
-9.662599,50,876.877706
-11.684986,50,877.913305
-7.19104,50,878.862888
-16.331279,50,879.795726
-11.41881,50,880.770938
-6.556138,50,881.778369
-14.370466,50,882.778484
-17.242878,50,883.777886
-14.047471,50,884.751156
-8.421798,50,885.762579
-7.565248,50,886.774058
-16.138667,50,887.785619
-14.804743,50,888.831602
-10.037802,50,889.761793
-18.862851,50,890.856533
-14.583587,50,891.758485
-12.435318,50,892.667189
-10.52995,50,893.559342
-15.710612,50,894.429682
-6.106519,50,895.3431
-15.556334,50,896.246095
-13.969536,50,897.174516
-11.198007,50,898.10932
-14.729213,50,899.048274
-20.673755,50,899.914573
-9.082911,50,900.836506
-21.887548,50,901.780977
-14.460258,50,902.700055
-12.252478,50,903.635195
-18.880358,50,904.535907
-15.033201,50,905.459384
-12.460622,50,906.37743
-10.979306,50,907.313723
-6.307392,50,908.244459
-9.249223,50,909.309665
-6.905976,50,910.233623
-19.938597,50,911.13162
-17.31299,50,912.050115
-9.724767,50,912.988597
-12.535324,50,913.894202
-11.685871,50,914.845631
-17.763681,50,915.784625
-26.950512,50,916.71588
-11.953299,50,917.655464
-13.729984,50,918.60136
-9.02635,50,919.51948
-15.492082,50,920.437254
-8.600853,50,921.321364
-9.74685,50,922.216046
-9.821163,50,923.133111
-8.458011,50,924.066256
-7.973982,50,924.944991
-11.083414,50,925.856632
-11.192854,50,926.781902
-11.042845,50,927.814341
-20.224489,50,928.694517
-12.676753,50,929.593411
-16.033608,50,930.478953
-12.788542,50,931.405259
-11.966595,50,932.338059
-18.223077,50,933.268645
-8.422707,50,934.185579
-10.992864,50,935.095412
-10.133064,50,935.983976
-12.238593,50,936.875929
-8.619344,50,937.782094
-13.448805,50,938.680703
-13.145087,50,939.651249
-16.215705,50,940.578817
-13.122864,50,941.493794
-12.273373,50,942.462946
-7.087079,50,943.374406
-12.135671,50,944.275437
-12.277765,50,945.195655
-13.184424,50,946.263909
-16.866708,50,947.19088
-9.538757,50,948.067487
-8.537507,50,948.972158
-20.883513,50,949.936908
-7.260845,50,950.867988
-8.784008,50,951.834503
-11.096665,50,952.743095
-16.388762,50,953.639039
-16.344533,50,954.600559
-29.438171,50,955.570383
-10.121628,50,956.495914
-8.917291,50,957.396112
-15.516649,50,958.312695
-7.771898,50,959.207228
-13.402257,50,960.082458
-7.453202,50,960.955663
-11.351672,50,961.827081
-17.136213,50,962.770092
-6.896194,50,963.71316
-6.618862,50,964.786011
-8.725394,50,965.694883
-13.249657,50,966.572847
-6.779165,50,967.472125
-15.10138,50,968.390065
-9.760121,50,969.303135
-11.951556,50,970.24689
-16.717459,50,971.149137
-10.27438,50,972.13076
-17.652279,50,973.095244
-6.795694,50,974.022158
-24.933132,50,974.925814
-12.321169,50,975.84681
-12.235658,50,976.75589
-13.955896,50,977.656765
-7.784877,50,978.545354
-13.550686,50,979.44308
-8.78513,50,980.325508
-10.115343,50,981.224911
-10.240976,50,982.166737
-10.88768,50,983.278711
-8.501722,50,984.177058
-13.088977,50,985.076663
-14.039422,50,986.001417
-13.724689,50,986.932761
-12.523021,50,987.864891
-16.762905,50,988.798857
-10.342764,50,989.740576
-16.290096,50,990.618035
-6.962648,50,991.487598
-11.579525,50,992.398759
-17.475433,50,993.318546
-13.790296,50,994.208448
-13.965359,50,995.166813
-10.345989,50,996.095826
-12.680799,50,997.025959
-8.714264,50,997.944226
-15.624988,50,998.902958
-15.956099,50,999.880717
-8.669885,50,1000.772081
-11.470695,50,1001.827766
-7.856724,50,1002.768975
-9.994212,50,1003.690586
-11.133443,50,1004.592839
-16.980244,50,1005.53607
-12.454574,50,1006.446741
-22.003385,50,1007.361856
-9.926997,50,1008.251578
-14.098784,50,1009.187346
-8.690585,50,1010.080989
-9.42609,50,1010.987136
-9.636065,50,1011.875653
-11.180756,50,1012.793002
-21.170778,50,1013.725789
-12.653433,50,1014.612741
-14.804249,50,1015.55351
-17.072622,50,1016.465751
-7.646753,50,1017.358713
-7.432002,50,1018.267367
-13.929444,50,1019.172322
-12.556832,50,1020.269539
-9.500562,50,1021.170634
-9.649997,50,1022.110969
-8.4125,50,1023.049841
-17.396139,50,1023.962833
-16.474326,50,1024.914784
-16.757095,50,1025.847054
-16.301403,50,1026.804882
-10.866723,50,1027.728014
-10.436302,50,1028.640524
-13.236861,50,1029.534439
-7.780314,50,1030.429073
-6.83791,50,1031.35301
-13.334065,50,1032.271664
-19.061377,50,1033.201906
-15.949134,50,1034.148305
-7.331713,50,1035.060189
-14.768198,50,1035.982812
-16.10377,50,1036.857461
-7.699981,50,1037.736645
-12.047913,50,1038.818316
-10.0338,50,1039.765222
-16.112483,50,1040.706659
-10.516847,50,1041.583189
-13.104627,50,1042.483795
-14.348318,50,1043.391234
-18.189797,50,1044.313901
-9.819906,50,1045.200882
-15.868045,50,1046.099943
-12.12294,50,1047.021402
-8.240144,50,1047.993622
-13.022905,50,1048.918995
-11.282397,50,1049.815136
-17.879812,50,1050.72015
-8.603221,50,1051.547669
-7.625918,50,1052.454493
-19.37064,50,1053.35738
-11.971216,50,1054.237912
-10.117608,50,1055.094486
-23.96528,50,1055.995134
-5.927596,50,1057.057482
-16.153658,50,1057.91931
-13.016158,50,1058.852919
-14.823034,50,1059.730229
-11.478024,50,1060.657555
-10.737229,50,1061.561032
-13.944199,50,1062.430093
-16.524988,50,1063.316992
-17.428709,50,1064.193873
-15.9176,50,1065.094996
-12.298838,50,1065.996966
-10.952683,50,1066.919959
-13.441384,50,1067.792358
-16.583994,50,1068.686818
-8.997389,50,1069.640816
-18.047049,50,1070.569776
-8.629279,50,1071.534069
-18.496062,50,1072.432288
-15.770809,50,1073.304675
-13.025075,50,1074.209658
-8.0445,50,1075.278725
-7.954379,50,1076.201248
-13.046008,50,1077.104767
-18.512819,50,1077.989686
-13.183744,50,1078.973376
-15.998063,50,1079.893377
-14.191687,50,1080.774256
-9.682401,50,1081.711377
-10.01438,50,1082.625797
-11.567322,50,1083.514054
-10.191876,50,1084.443209
-13.987539,50,1085.366308
-8.171927,50,1086.263176
-10.506355,50,1087.134742
-12.482818,50,1088.062742
-14.98323,50,1088.938916
-6.457734,50,1089.829216
-14.238513,50,1090.715271
-12.262681,50,1091.589785
-7.872335,50,1092.456358
-9.845251,50,1093.517734
-14.582932,50,1094.446574
-15.102413,50,1095.33708
-11.82877,50,1096.188051
-13.437046,50,1097.103025
-19.633512,50,1098.018426
-12.445321,50,1098.946321
-8.183151,50,1099.897047
-13.270816,50,1100.828409
-12.048599,50,1101.727263
-14.127555,50,1102.603785
-13.081458,50,1103.476821
-12.481561,50,1104.364631
-12.473192,50,1105.328602
-11.311413,50,1106.222033
-9.181265,50,1107.082009
-12.052263,50,1107.933775
-14.293944,50,1108.767706
-8.770857,50,1109.603777
-14.400682,50,1110.573036
-11.068716,50,1111.762589
-12.309027,50,1112.78847
-16.825611,50,1113.740769
-12.450696,50,1114.680541
-10.192958,50,1115.647378
-16.912003,50,1116.648832
-14.065021,50,1117.668397
-5.50545,50,1118.637499
-17.015014,50,1119.654092
-9.935062,50,1120.684967
-11.87611,50,1121.693974
-9.245905,50,1122.689822
-20.774692,50,1123.672125
-17.748514,50,1124.686307
-15.190064,50,1125.687668
-27.013692,50,1126.677834
-8.472235,50,1127.665809
-21.25447,50,1128.68445
-12.537904,50,1129.688553
-12.696016,50,1130.704113
-9.064732,50,1131.90828
-20.788686,50,1132.916199
-17.475028,50,1133.936741
-12.314118,50,1134.947903
-10.60047,50,1135.948569
-12.647897,50,1136.98875
-12.027112,50,1137.989824
-10.759852,50,1139.024028
-16.786206,50,1140.03202
-13.807918,50,1141.014517
-13.600708,50,1142.035864
-5.962359,50,1143.060267
-14.903924,50,1144.019029
-10.73758,50,1145.021684
-11.370128,50,1146.022369
-5.13848,50,1147.012243
-15.368282,50,1148.038993
-13.498637,50,1149.012346
-17.975838,50,1150.026385
-19.5763,50,1150.995877
-8.828497,50,1152.184628
-15.610046,50,1153.198855
-10.449478,50,1154.19961
-14.619901,50,1155.223835
-15.52846,50,1156.277444
-11.895003,50,1157.287826
-10.283417,50,1158.30559
-9.939817,50,1159.323571
-17.605541,50,1160.363282
-7.113715,50,1161.380933
-20.559053,50,1162.403206
-9.601673,50,1163.385209
-10.713907,50,1164.401872
-13.511085,50,1165.417414
-13.14722,50,1166.459974
-15.038152,50,1167.507437
-9.187331,50,1168.495661
-12.316246,50,1169.515168
-13.207865,50,1170.551179
-11.794637,50,1171.587206
-9.522619,50,1172.767525
-8.661293,50,1173.754508
-17.176823,50,1174.774039
-9.412413,50,1175.769496
-11.825342,50,1176.824921
-9.02872,50,1177.839528
-16.361493,50,1178.837596
-15.292492,50,1179.803523
-16.370092,50,1180.819741
-17.852577,50,1181.848179
-21.023297,50,1182.879474
-8.524038,50,1183.904097
-5.524052,50,1184.957307
-10.28049,50,1185.937606
-5.572962,50,1186.938576
-15.853937,50,1187.947296
-13.539275,50,1188.950048
-8.584081,50,1189.987865
-15.334563,50,1191.015951
-5.52422,50,1192.037853
-13.490255,50,1193.228329
-7.224746,50,1194.247392
-12.432697,50,1195.289622
-10.320899,50,1196.335022
-23.206256,50,1197.391234
-10.017353,50,1198.442976
-6.618735,50,1199.4197
-9.764261,50,1200.471953
-10.654501,50,1201.499373
-8.624313,50,1202.554545
-11.09774,50,1203.596576
-14.401611,50,1204.671391
-6.879824,50,1205.673337
-14.252681,50,1206.709737
-13.83546,50,1207.768841
-13.835733,50,1208.830144
-14.232885,50,1209.890888
-8.986035,50,1210.984927
-8.933117,50,1212.021946
-14.475204,50,1213.093724
-11.073723,50,1214.34795
-11.275667,50,1215.390936
-13.074133,50,1216.440104
-10.659375,50,1217.470929
-13.170036,50,1218.523777
-14.793903,50,1219.601245
-17.549691,50,1220.629991
-9.836668,50,1221.679102
-9.602488,50,1222.731114
-14.209977,50,1223.774374
-10.491827,50,1224.832883
-12.577715,50,1225.856135
-8.64038,50,1226.884094
-10.117886,50,1227.915257
-21.046385,50,1228.980757
-13.756709,50,1230.052516
-11.266424,50,1231.130149
-12.004616,50,1232.193997
-9.610792,50,1233.266987
-17.163546,50,1234.322065
-10.35806,50,1235.570932
-11.946369,50,1236.65415
-9.690316,50,1237.769496
-9.046788,50,1238.819369
-11.730248,50,1239.916444
-14.916453,50,1241.047487
-17.234251,50,1242.103224
-15.60495,50,1243.205341
-15.727285,50,1244.311974
-9.12374,50,1245.412871
-15.312337,50,1246.506038
-8.656076,50,1247.580951
-11.802918,50,1248.568991
-15.779216,50,1249.538186
-12.033011,50,1250.543766
-13.534597,50,1251.531459
-9.934285,50,1252.520262
-10.515041,50,1253.470788
-11.502394,50,1254.459563
-11.249055,50,1255.468468
-19.943119,50,1256.629876
-21.641975,50,1257.673776
-16.303142,50,1258.729207
-12.313883,50,1259.783664
-6.185174,50,1260.789519
-8.980629,50,1261.868958
-7.841709,50,1262.867657
-9.48372,50,1263.87954
-9.928955,50,1264.87703
-15.551591,50,1265.867745
-8.438613,50,1266.923894
-8.365506,50,1267.903386
-12.431499,50,1268.945971
-16.430692,50,1269.990412
-9.672152,50,1271.045003
-17.733322,50,1272.103723
-16.706545,50,1273.102609
-18.278337,50,1274.125123
-10.698683,50,1275.145177
-17.677222,50,1276.16041
-9.605692,50,1277.375596
-14.460264,50,1278.404214
-9.635726,50,1279.471699
-9.32687,50,1280.561864
-10.208615,50,1281.642956
-14.137345,50,1282.678509
-7.535506,50,1283.724187
-16.680387,50,1284.808857
-7.76276,50,1285.879286
-14.594813,50,1287.003072
-10.074798,50,1288.068383
-14.275899,50,1289.165738
-8.260473,50,1290.249974
-10.484123,50,1291.270476
-6.60412,50,1292.348791
-11.769251,50,1293.450737
-11.95476,50,1294.484567
-4.692672,50,1295.541799
-9.371091,50,1296.615391
-8.841093,50,1297.657
-6.657106,50,1298.889442
-17.581181,50,1299.95151
-8.165915,50,1301.000507
-15.749892,50,1302.073388
-11.323612,50,1303.116874
-14.768575,50,1304.213869
-10.404309,50,1305.314439
-17.381233,50,1306.354791
-10.046287,50,1307.436473
-16.669269,50,1308.548825
-9.080016,50,1309.627651
-16.072454,50,1310.691065
-17.195917,50,1311.791972
-16.309951,50,1312.865671
-9.081864,50,1313.970299
-15.261473,50,1315.057105
-13.029076,50,1316.140182
-12.29412,50,1317.213805
-5.910811,50,1318.329753
-11.121864,50,1319.405176
-7.0542,50,1320.701633
-10.391311,50,1321.698288
-16.146512,50,1322.879029
-14.826342,50,1324.068096
-9.390704,50,1325.265597
-15.509298,50,1326.356637
-12.039539,50,1327.418624
-9.162865,50,1328.504476
-11.319097,50,1329.507697
-11.324788,50,1330.555593
-17.382345,50,1331.628912
-13.182739,50,1332.729471
-14.123882,50,1333.85109
-18.27482,50,1334.97972
-13.991023,50,1336.11308
-10.844161,50,1337.187818
-7.406572,50,1338.268933
-17.200858,50,1339.404438
-9.409159,50,1340.501474
-14.796297,50,1341.59536
-5.043685,50,1342.813678
-12.514595,50,1343.894687
-11.690745,50,1344.950642
-14.670406,50,1346.002639
-13.155308,50,1347.089332
-8.965012,50,1348.171381
-18.075591,50,1349.277363
-9.660566,50,1350.356969
-14.176533,50,1351.485196
-16.740338,50,1352.612849
-14.465629,50,1353.700518
-6.446258,50,1354.800052
-13.96791,50,1355.907776
-10.531741,50,1357.020543
-10.902688,50,1358.17322
-20.957108,50,1359.263639
-9.935456,50,1360.407936
-9.545141,50,1361.554933
-11.208268,50,1362.673757
-12.935598,50,1363.800241
-13.469498,50,1365.073071
-7.548139,50,1366.165247
-10.90846,50,1367.23885
-8.925934,50,1368.373849
-12.900772,50,1369.447212
-9.249725,50,1370.558289
-10.878172,50,1371.642662
-10.201628,50,1372.784749
-7.056006,50,1373.859645
-13.890862,50,1375.012126
-12.088249,50,1376.143688
-15.229419,50,1377.272005
-14.849655,50,1378.371115
-12.136246,50,1379.509072
-15.476811,50,1380.621982
-7.632436,50,1381.762883
-11.245978,50,1382.894197
-8.911568,50,1383.990141
-21.373232,50,1385.095499
-11.930701,50,1386.229907
-22.990212,50,1387.495638
-8.467743,50,1388.602382
-12.799555,50,1389.734034
-13.350372,50,1390.878472
-9.920507,50,1392.007994
-12.739602,50,1393.108107
-7.590865,50,1394.227721
-11.576267,50,1395.313252
-7.697796,50,1396.431875
-10.975683,50,1397.567992
-9.344783,50,1398.650986
-14.475223,50,1399.741314
-16.795523,50,1400.87763
-14.352083,50,1401.954266
-12.293942,50,1403.101041
-14.935984,50,1404.223892
-9.306988,50,1405.341454
-10.910682,50,1406.495829
-7.052468,50,1407.602032
-7.38714,50,1408.685476
-9.974606,50,1409.988167
-17.832597,50,1411.132708
-15.422627,50,1412.310599
-12.166726,50,1413.365967
-18.141931,50,1414.51655
-12.102073,50,1415.607624
-16.544957,50,1416.680897
-10.816876,50,1417.771831
-10.61972,50,1418.835849
-13.569159,50,1420.029091
-11.574032,50,1421.243185
-18.677551,50,1422.468069
-6.585092,50,1423.663498
-19.266914,50,1424.913912
-8.142429,50,1426.143561
-12.301208,50,1427.320099
-14.93663,50,1428.542882
-6.599809,50,1429.739366
-4.541803,50,1430.953292
-15.432644,50,1432.133699
-19.020098,50,1433.495083
-13.05756,50,1434.634206
-11.594573,50,1435.785192
-13.768889,50,1436.997176
-13.76823,50,1438.225663
-6.525676,50,1439.445156
-13.205096,50,1440.684724
-11.848439,50,1441.898703
-10.584023,50,1443.09736
-11.342375,50,1444.362369
-11.042558,50,1445.551783
-7.540354,50,1446.749391
-14.516199,50,1447.884829
-21.099309,50,1449.052491
-6.805134,50,1450.140958
-14.693733,50,1451.334594
-7.73422,50,1452.530914
-8.73867,50,1453.667826
-14.48134,50,1454.806336
-11.123864,50,1455.958714
-13.855651,50,1457.31618
-11.394808,50,1458.544823
-14.380909,50,1459.778699
-15.397761,50,1461.018785
-22.793305,50,1462.292872
-7.208657,50,1463.51544
-6.430589,50,1464.776345
-14.05108,50,1466.023289
-10.265815,50,1467.272655
-8.104964,50,1468.489513
-12.440403,50,1469.650994
-13.346532,50,1470.897447
-9.406738,50,1472.06545
-10.785388,50,1473.27994
-18.722008,50,1474.493845
-16.903841,50,1475.652434
-14.940342,50,1476.84391
-15.035574,50,1478.052372
-8.52343,50,1479.214911
-10.920506,50,1480.442707
-20.225265,50,1481.820952
-13.410128,50,1482.979284
-11.485776,50,1484.13377
-14.459823,50,1485.306887
-15.970795,50,1486.493433
-17.993867,50,1487.737876
-10.158707,50,1488.939471
-13.018779,50,1490.08702
-9.298118,50,1491.273612
-5.63337,50,1492.468325
-24.373114,50,1493.654329
-14.493716,50,1494.831247
-10.070749,50,1495.993097
-10.54702,50,1497.180254
-11.793697,50,1498.402397
-7.421617,50,1499.654725
-15.927924,50,1500.866289
-12.061075,50,1501.973322
-13.935306,50,1503.113979
-9.161175,50,1504.294778
-7.256594,50,1505.644292
-11.105224,50,1506.821986
-12.529082,50,1508.032185
-12.669377,50,1509.204328
-16.020372,50,1510.482377
-9.637647,50,1511.690686
-11.254936,50,1512.889719
-10.348909,50,1514.039501
-7.204548,50,1515.186664
-11.259413,50,1516.319333
-16.61087,50,1517.479942
-15.364501,50,1518.668296
-12.836876,50,1519.891083
-12.070574,50,1521.145061
-9.502247,50,1522.407022
-14.529732,50,1523.636009
-6.784912,50,1524.802813
-11.145868,50,1525.989719
-13.608713,50,1527.167521
-18.813572,50,1528.314842
-16.676193,50,1529.677745
-20.444764,50,1530.927737
-13.961521,50,1532.218029
-13.647799,50,1533.427699
-10.871817,50,1534.625705
-19.9,50,1535.820247
-7.092551,50,1537.011786
-11.742865,50,1538.221143
-8.896265,50,1539.425843
-11.864396,50,1540.681678
-6.785702,50,1541.901768
-11.82056,50,1543.103245
-13.599516,50,1544.338157
-14.475868,50,1545.519236
-13.071296,50,1546.68053
-11.61818,50,1547.86269
-16.957668,50,1549.043914
-16.182601,50,1550.205907
-20.793851,50,1551.436538
-12.632856,50,1552.631279
-19.570689,50,1553.961744
-10.77761,50,1555.149065
-8.873279,50,1556.370691
-14.218577,50,1557.639639
-29.635088,50,1558.833008
-7.547953,50,1560.094306
-9.087938,50,1561.278375
-12.210327,50,1562.51976
-14.217727,50,1563.690343
-18.275347,50,1564.869282
-6.697764,50,1566.031807
-14.953997,50,1567.282146
-12.463676,50,1568.487869
-8.008515,50,1569.691022
-5.745582,50,1570.84903
-7.383283,50,1572.074648
-17.910642,50,1573.259961
-12.995716,50,1574.470211
-14.450139,50,1575.619673
-6.446978,50,1576.783869
-11.50939,50,1578.147923
-13.535007,50,1579.360911
-17.574239,50,1580.608874
-12.765434,50,1581.844822
-6.797709,50,1583.035656
-10.97314,50,1584.258092
-9.292677,50,1585.442739
-13.348881,50,1586.669183
-9.34048,50,1587.83807
-10.954536,50,1589.121736
-12.352196,50,1590.295774
-16.809167,50,1591.462585
-11.537028,50,1592.671382
-10.864351,50,1593.881931
-11.20954,50,1595.058579
-17.130939,50,1596.25672
-18.521118,50,1597.474794
-14.695447,50,1598.696134
-12.649209,50,1599.896303
-14.604212,50,1601.080386
-18.063165,50,1602.458523
-7.626086,50,1603.653993
-19.549038,50,1604.823628
-8.770293,50,1605.966237
-12.080619,50,1607.24027
-5.877589,50,1608.477661
-8.445333,50,1609.674602
-5.376684,50,1610.90299
-7.76123,50,1612.111446
-10.517979,50,1613.347156
-20.913639,50,1614.519916
-12.28372,50,1615.772892
-9.733284,50,1616.973256
-10.053725,50,1618.251698
-17.94777,50,1619.47575
-13.558915,50,1620.661637
-7.324537,50,1621.815487
-5.836221,50,1623.024132
-9.382321,50,1624.284295
-24.530495,50,1625.521945
-15.054329,50,1626.950032
-10.337356,50,1628.176632
-18.241358,50,1629.355669
-13.356034,50,1630.595201
-9.922136,50,1631.781223
-8.605514,50,1633.017511
-9.024684,50,1634.240186
-12.078631,50,1635.470483
-14.230395,50,1636.728055
-8.193077,50,1637.945219
-13.155589,50,1639.174505
-8.569025,50,1640.407635
-10.457509,50,1641.638406
-13.12313,50,1642.897836
-12.863897,50,1644.074796
-12.414672,50,1645.278704
-10.714695,50,1646.523659
-13.144868,50,1647.648696
-19.982917,50,1648.719795
-15.115864,50,1649.880974
-13.844542,50,1651.218685
-24.538801,50,1652.37368
-14.727854,50,1653.509326
-16.228512,50,1654.649434
-7.761731,50,1655.796834
-10.916374,50,1656.876006
-6.106415,50,1657.920176
-13.494005,50,1658.989803
-11.843632,50,1660.179935
-9.301946,50,1661.290167
-5.441071,50,1662.371193
-15.842888,50,1663.427849
-9.471343,50,1664.632409
-10.572861,50,1665.886501
-7.942288,50,1667.081943
-14.035362,50,1668.209569
-7.729683,50,1669.454454
-5.053152,50,1670.738036
-14.105811,50,1671.948606
-11.152162,50,1673.180347
-11.376156,50,1674.620294
-6.138901,50,1675.919009
-6.846587,50,1677.158461
-7.489976,50,1678.395406
-12.269672,50,1679.631049
-13.075535,50,1680.815424
-9.33292,50,1682.046095
-8.457229,50,1683.21608
-10.451626,50,1684.47403
-14.957888,50,1685.734543
-14.205151,50,1686.993226
-14.027201,50,1688.161126
-10.232366,50,1689.446512
-11.645464,50,1690.733433
-18.384264,50,1692.040202
-13.986893,50,1693.267182
-10.83911,50,1694.543614
-12.73195,50,1695.793706
-8.978846,50,1697.063284
-8.296925,50,1698.329158
-17.006343,50,1699.801631
-12.286976,50,1701.049813
-8.075476,50,1702.310588
-17.504613,50,1703.554467
-15.249662,50,1704.818127
-6.319733,50,1706.098288
-13.529267,50,1707.343399
-10.905422,50,1708.606282
-7.249141,50,1709.829809
-18.999191,50,1711.059032
-12.079695,50,1712.306065
-11.641751,50,1713.550147
-8.702464,50,1714.794675
-15.404107,50,1716.037129
-12.844672,50,1717.259466
-8.363879,50,1718.50258
-7.172363,50,1719.729101
-15.292165,50,1721.018898
-7.1799,50,1722.309501
-10.718065,50,1723.566447
-10.375321,50,1725.05198
-9.146655,50,1726.309403
-15.527039,50,1727.572927
-16.693226,50,1728.89175
-11.085107,50,1730.125695
-17.591464,50,1731.396215
-13.151258,50,1732.683084
-16.776422,50,1733.9148
-9.869356,50,1735.177706
-15.343147,50,1736.410421
-7.154339,50,1737.649681
-15.633754,50,1738.886438
-11.663172,50,1740.138193
-16.201562,50,1741.371929
-2.059442,50,1742.612789
-5.626933,50,1743.894284
-18.984726,50,1745.141871
-8.701267,50,1746.460332
-10.50536,50,1747.709919
-10.149482,50,1748.918232
-15.207979,50,1750.395406
-7.108278,50,1751.687413
-12.073671,50,1752.882665
-14.60868,50,1754.151715
-17.569279,50,1755.36798
-7.046278,50,1756.646466
-17.225665,50,1757.890261
-14.156802,50,1759.15741
-12.416686,50,1760.418317
-23.987972,50,1761.701149
-9.296027,50,1762.909373
-6.279617,50,1764.113779
-18.089877,50,1765.374129
-17.395564,50,1766.646589
-18.028586,50,1767.960788
-14.396752,50,1769.238047
-11.190328,50,1770.540584
-14.25995,50,1771.764642
-14.14908,50,1772.975614
-9.372711,50,1774.265507
-13.750853,50,1775.730687
-8.950129,50,1777.005302
-4.973863,50,1778.263229
-11.78655,50,1779.551067
-26.103354,50,1780.826412
-7.064375,50,1782.071338
-10.409468,50,1783.321311
-15.307228,50,1784.573282
-10.305459,50,1785.751116
-15.121094,50,1786.89904
-5.738383,50,1788.076205
-11.992271,50,1789.183908
-18.51118,50,1790.336204
-13.407126,50,1791.510988
-9.098133,50,1792.70182
-9.839784,50,1793.882571
-6.999786,50,1795.029723
-7.887595,50,1796.133224
-13.798094,50,1797.271815
-10.631345,50,1798.478493
-12.270917,50,1799.800601
-14.307281,50,1800.965077
-10.100971,50,1802.067603
-10.247472,50,1803.176864
-12.855889,50,1804.335948
-20.088132,50,1805.464519
-12.555232,50,1806.638961
-6.20803,50,1807.770847
-13.185985,50,1808.961705
-10.727857,50,1810.131919
-17.320409,50,1811.292272
-18.862035,50,1812.428935
-6.442139,50,1813.576928
-13.760374,50,1814.702887
-9.194085,50,1815.877265
-12.508454,50,1817.036154
-13.281905,50,1818.195275
-6.771333,50,1819.342047
-10.616403,50,1820.505832
-14.915549,50,1821.719362
-9.719695,50,1823.05531
-17.752368,50,1824.25604
-13.832824,50,1825.341724
-6.692089,50,1826.449378
-19.792899,50,1827.680644
-15.206957,50,1828.831421
-14.507536,50,1829.958779
-11.436289,50,1831.102102
-7.927851,50,1832.245604
-13.386904,50,1833.490814
-10.03631,50,1834.797424
-11.797606,50,1836.039765
-13.230507,50,1837.257888
-11.559976,50,1838.487977
-7.886924,50,1839.7471
-11.244187,50,1840.992921
-11.697942,50,1842.189065
-9.755993,50,1843.492624
-19.755193,50,1844.761692
-18.04961,50,1846.075878
-7.339713,50,1847.516748
-16.111999,50,1848.770974
-8.271124,50,1850.039038
-12.508002,50,1851.340263
-12.445133,50,1852.634267
-11.09526,50,1853.835924
-7.649179,50,1855.107437
-12.118286,50,1856.31392
-15.131345,50,1857.544278
-11.606939,50,1858.791346
-9.743446,50,1860.054597
-12.058817,50,1861.319207
-7.857294,50,1862.593784
-8.453798,50,1863.897721
-5.073347,50,1865.165808
-9.754801,50,1866.354754
-9.445346,50,1867.59436
-16.387045,50,1868.814862
-14.824377,50,1870.067078
-13.776774,50,1871.316705
-14.780185,50,1872.862735
-8.299964,50,1874.160634
-13.443779,50,1875.43686
-7.186434,50,1876.707886
-10.686292,50,1878.035995
-18.691051,50,1879.309015
-12.490601,50,1880.576841
-18.758739,50,1881.916669
-11.464798,50,1883.205247
-10.788266,50,1884.475635
-14.224464,50,1885.741806
-11.312637,50,1886.985327
-6.98997,50,1888.152866
-14.691894,50,1889.44751
-11.259315,50,1890.708672
-20.215569,50,1891.956808
-8.203533,50,1893.213922
-10.561943,50,1894.510917
-5.076921,50,1895.802666
-12.007769,50,1897.050381
-14.863104,50,1898.563689
-24.209752,50,1899.861614
-13.450494,50,1901.122731
-17.491321,50,1902.335128
-13.80737,50,1903.650868
-15.352808,50,1904.913656
-11.458012,50,1906.109085
-7.159488,50,1907.364335
-10.857101,50,1908.601576
-11.158195,50,1909.875909
-7.102382,50,1911.160866
-14.276204,50,1912.404714
-12.942689,50,1913.665369
-17.794949,50,1914.933557
-7.224735,50,1916.233372
-12.599977,50,1917.479663
-6.821133,50,1918.751272
-16.817036,50,1919.915662
-10.80221,50,1921.139096
-12.484756,50,1922.397282
-11.076183,50,1923.862932
-10.974303,50,1925.114231
-12.130222,50,1926.390394
-10.533202,50,1927.679674
-7.637963,50,1928.910712
-7.824901,50,1930.244006
-16.898553,50,1931.469563
-8.720419,50,1932.666881
-13.959119,50,1933.929692
-11.273375,50,1935.206869
-11.345781,50,1936.487657
-18.191273,50,1937.70857
-11.411521,50,1938.990973
-13.638733,50,1940.242054
-16.1767,50,1941.536959
-10.03095,50,1942.826889
-12.57795,50,1944.079959
-10.978938,50,1945.319635
-12.781342,50,1946.596032
-13.006117,50,1947.806732
-10.441758,50,1949.291684
-12.500863,50,1950.61172
-15.440226,50,1951.878327
-14.190684,50,1953.148064
-8.190878,50,1954.417608
-15.674216,50,1955.706062
-10.796554,50,1956.929272
-6.578979,50,1958.21385
-16.267366,50,1959.47617
-16.620294,50,1960.739628
-9.821296,50,1961.98289
-10.15693,50,1963.24572
-13.890987,50,1964.481827
-14.410395,50,1965.779222
-4.911512,50,1967.037939
-11.007511,50,1968.270958
-10.89439,50,1969.539443
-9.517781,50,1970.834447
-12.687845,50,1972.122258
-8.732505,50,1973.35937
-12.886378,50,1974.790836
-10.207834,50,1976.021162
-12.240862,50,1977.283163
-15.35482,50,1978.553084
-7.263708,50,1979.836091
-8.70863,50,1981.126335
-9.570406,50,1982.388355
-15.745328,50,1983.654589
-18.062227,50,1984.90934
-5.612943,50,1986.149046
-10.5579,50,1987.421921
-5.047302,50,1988.6703
-10.210942,50,1989.923509
-12.098995,50,1991.164917
-9.886019,50,1992.428209
-12.466129,50,1993.746329
-12.210396,50,1995.010627
-14.315491,50,1996.236213
-23.965803,50,1997.532858
-8.472311,50,1998.750089
-17.417403,50,2000.224159
-11.951425,50,2001.521527
-9.666797,50,2002.824037
-18.334191,50,2004.111903
-13.07949,50,2005.364896
-7.117475,50,2006.58494
-15.323881,50,2007.806168
-9.124419,50,2009.074039
-11.659865,50,2010.33649
-11.460623,50,2011.604609
-13.398052,50,2012.852136
-16.208659,50,2014.113018
-9.475098,50,2015.380111
-11.464425,50,2016.636258
-18.64404,50,2017.944099
-9.180426,50,2019.179887
-7.466688,50,2020.423339
-8.919785,50,2021.699796
-13.577522,50,2022.819009
-12.962926,50,2023.93859
-13.949962,50,2025.288359
-9.327905,50,2026.425533
-10.499502,50,2027.556361
-14.492435,50,2028.704225
-8.4348,50,2029.834615
-15.369587,50,2031.064178
-11.491891,50,2032.22245
-14.434527,50,2033.362175
-7.654502,50,2034.471489
-9.110758,50,2035.569052
-10.079445,50,2036.769656
-17.661603,50,2038.047573
-6.262928,50,2039.270497
-9.393774,50,2040.499973
-15.985885,50,2041.734756
-6.840007,50,2042.992862
-2.84494,50,2044.197499
-14.456735,50,2045.467495
-6.557369,50,2046.717757
-11.980101,50,2047.98525
-10.958415,50,2049.45931
-9.491818,50,2050.683293
-12.158572,50,2051.941066
-12.094113,50,2053.151284
-9.598252,50,2054.443657
-11.807233,50,2055.710124
-6.060578,50,2056.952718
-10.269214,50,2058.163532
-8.474286,50,2059.368187
-13.156596,50,2060.584697
-5.779474,50,2061.802285
-10.09781,50,2063.087608
-14.808106,50,2064.368634
-16.830379,50,2065.605829
-18.846246,50,2066.823739
-16.998594,50,2068.087203
-13.247123,50,2069.334042
-16.531891,50,2070.655562
-12.685943,50,2071.929227
-15.395336,50,2073.17213
-12.601036,50,2074.590606
-11.321768,50,2075.863959
-14.306543,50,2077.147474
-17.523824,50,2078.357972
-9.920953,50,2079.562987
-13.659923,50,2080.809785
-15.766315,50,2082.046595
-5.067853,50,2083.268024
-8.883682,50,2084.549779
-9.381579,50,2085.83668
-18.258145,50,2087.138432
-8.52314,50,2088.421807
-10.610374,50,2089.686898
-9.790855,50,2090.898283
-14.024202,50,2092.158883
-11.913225,50,2093.437461
-16.146221,50,2094.71244
-6.889534,50,2096.021576
-11.962037,50,2097.293242
-15.432822,50,2098.551848
-14.278117,50,2100.038393
-7.449807,50,2101.297166
-12.47886,50,2102.503177
-14.674628,50,2103.734948
-10.378618,50,2104.978023
-10.257806,50,2106.3119
-13.007495,50,2107.611027
-12.720688,50,2108.859531
-10.688289,50,2110.090658
-11.459739,50,2111.33212
-16.78609,50,2112.560018
-6.561018,50,2113.815849
-7.149506,50,2115.106081
-5.889248,50,2116.345231
-13.493993,50,2117.560414
-10.79124,50,2118.822593
-7.925048,50,2120.066373
-10.680729,50,2121.332
-15.102725,50,2122.59934
-16.031256,50,2123.847808
-13.019734,50,2125.33089
-9.292462,50,2126.601439
-12.045157,50,2127.840107
-10.029886,50,2129.086072
-13.145404,50,2130.370782
-10.465521,50,2131.598324
-13.061037,50,2132.810328
-11.583564,50,2134.078484
-11.844578,50,2135.29398
-13.937291,50,2136.525738
-10.299126,50,2137.786691
-13.085959,50,2139.058024
-10.192937,50,2140.325578
-13.636382,50,2141.577686
-8.306185,50,2142.817729
-10.951355,50,2144.080075
-10.911975,50,2145.278644
-11.724172,50,2146.559914
-12.603329,50,2147.850043
-15.777331,50,2149.128078
-18.038411,50,2150.62632
-14.205782,50,2151.795797
-10.047494,50,2153.005322
-11.329203,50,2154.255577
-14.925027,50,2155.536341
-18.192934,50,2156.791502
-8.518429,50,2158.012696
-13.892653,50,2159.230495
-14.459046,50,2160.450245
-12.5575,50,2161.691206
-7.935927,50,2162.967195
-11.808605,50,2164.224459
-11.465845,50,2165.491696
-11.748028,50,2166.726935
-12.025216,50,2167.987623
-7.271499,50,2169.214112
-20.800074,50,2170.437077
-6.867198,50,2171.695102
-11.192262,50,2172.92547
-15.893369,50,2174.141276
-6.549983,50,2175.61423
-21.774505,50,2176.887001
-10.46338,50,2178.166476
-15.367213,50,2179.473623
-11.30958,50,2180.721247
-9.646752,50,2182.025156
-13.460077,50,2183.254556
-13.72492,50,2184.530503
-8.286254,50,2185.714866
-18.697051,50,2186.988238
-11.640137,50,2188.228011
-12.928082,50,2189.448127
-7.028554,50,2190.704535
-6.735224,50,2191.967518
-3.65815,50,2193.204595
-5.394878,50,2194.475355
-11.674418,50,2195.737964
-11.50228,50,2196.96045
-11.752412,50,2198.173128
-8.841638,50,2199.444475
-22.799862,50,2200.917249
-11.197454,50,2202.168178
-10.687571,50,2203.423801
-13.994054,50,2204.638546
-11.854077,50,2205.898015
-14.380797,50,2207.197619
-10.044474,50,2208.46104
-20.7114,50,2209.723109
-11.392731,50,2210.98469
-12.49864,50,2212.259973
-9.400004,50,2213.51888
-16.941542,50,2214.813595
-12.755852,50,2216.134051
-10.23915,50,2217.396596
-11.4392,50,2218.66144
-6.372597,50,2219.956414
-16.420813,50,2221.262794
-14.921482,50,2222.544011
-12.499813,50,2223.785155
-12.949426,50,2225.086076
-11.887482,50,2226.592804
-10.84919,50,2227.88719
-13.487963,50,2229.166016
-17.785809,50,2230.418827
-8.950602,50,2231.714417
-14.22398,50,2232.985928
-6.089946,50,2234.224306
-10.324845,50,2235.472749
-12.478289,50,2236.733755
-10.370428,50,2237.941244
-14.619899,50,2239.255901
-12.315955,50,2240.463664
-10.106594,50,2241.691464
-21.19645,50,2242.924186
-11.528491,50,2244.154777
-15.432621,50,2245.4148
-13.886731,50,2246.715207
-8.731829,50,2248.005289
-9.598344,50,2249.226746
-15.077943,50,2250.467472
-8.534307,50,2251.946919
-9.097207,50,2253.182062
-22.202349,50,2254.423534
-12.565449,50,2255.740599
-8.158846,50,2257.000899
-8.75339,50,2258.285217
-6.295428,50,2259.610483
-5.698328,50,2260.91407
-6.875182,50,2262.200441
-13.611127,50,2263.424553
-9.964155,50,2264.669724
-9.463509,50,2265.956056
-11.228454,50,2267.135148
-8.391874,50,2268.367303
-12.419696,50,2269.63519
-11.216639,50,2270.904043
-12.129221,50,2272.180867
-19.0339,50,2273.470021
-17.102519,50,2274.705508
-11.652461,50,2275.955052
-11.339804,50,2277.388355
-10.899931,50,2278.653406
-7.550983,50,2279.886829
-8.777074,50,2281.1493
-10.363409,50,2282.446194
-14.219112,50,2283.675503
-5.905234,50,2284.903775
-8.714775,50,2286.104845
-12.755591,50,2287.348844
-11.83993,50,2288.571506
-13.238483,50,2289.852428
-14.825449,50,2291.139336
-8.674146,50,2292.391162
-12.58003,50,2293.608491
-9.0883,50,2294.784884
-6.638273,50,2295.909522
-10.71185,50,2297.150416
-20.076587,50,2298.405799
-11.492639,50,2299.659359
-7.405053,50,2300.881118
-9.618859,50,2302.399694
-14.979681,50,2303.658706
-6.649735,50,2304.918147
-9.576979,50,2306.162079
-15.896913,50,2307.379656
-9.797752,50,2308.625243
-10.541474,50,2309.892744
-17.418062,50,2311.180456
-18.196032,50,2312.393143
-9.224517,50,2313.683618
-7.118373,50,2314.938562
-10.388928,50,2316.239611
-13.158833,50,2317.495089
-14.770302,50,2318.663273
-14.58759,50,2319.893399
-13.917506,50,2321.150073
-11.628308,50,2322.391642
-7.442913,50,2323.687738
-19.212543,50,2324.95083
-13.523298,50,2326.225726
-5.827966,50,2327.784057
-12.467297,50,2328.973672
-8.26878,50,2330.248534
-9.541097,50,2331.41412
-8.519157,50,2332.662801
-11.749311,50,2333.940783
-11.511548,50,2335.239697
-13.467985,50,2336.506282
-12.306804,50,2337.69256
-9.888066,50,2338.951292
-8.534362,50,2340.223596
-6.635811,50,2341.51066
-10.736798,50,2342.773484
-14.590459,50,2344.027302
-8.38398,50,2345.282992
-10.833885,50,2346.521102
-10.099886,50,2347.779223
-11.464406,50,2349.018586
-15.465262,50,2350.20071
-4.348474,50,2351.388089
-4.258491,50,2352.837466
-10.292106,50,2354.087383
-12.679752,50,2355.332764
-10.044465,50,2356.609403
-10.603092,50,2357.88072
-10.825336,50,2359.163292
-18.30553,50,2360.345012
-13.472176,50,2361.5746
-11.292575,50,2362.856133
-11.576263,50,2364.046183
-8.968524,50,2365.210769
-11.574682,50,2366.379197
-5.723888,50,2367.539486
-16.504626,50,2368.65224
-6.786465,50,2369.810665
-16.924899,50,2370.999066
-11.41244,50,2372.171402
-12.460943,50,2373.313843
-6.430417,50,2374.473414
-12.930328,50,2375.60042
-3.062949,50,2377.057692
-6.673289,50,2378.248121
-9.039129,50,2379.4563
-10.025108,50,2380.631955
-10.846779,50,2381.816922
-14.09296,50,2383.001285
-8.386304,50,2384.188509
-16.714581,50,2385.357498
-14.700787,50,2386.560592
-16.075091,50,2387.73756
-11.897188,50,2388.931756
-11.698026,50,2390.109033
-19.012555,50,2391.315373
-8.857814,50,2392.473186
-3.290635,50,2393.689379
-15.740961,50,2394.873294
-16.961663,50,2396.014301
-12.277145,50,2397.184581
-13.384443,50,2398.334903
-15.152379,50,2399.41577
-14.526687,50,2400.85326
-12.101751,50,2402.00424
-11.737479,50,2403.176634
-14.020506,50,2404.277729
-19.265065,50,2405.461205
-13.847366,50,2406.69095
-16.811662,50,2407.865381
-6.83248,50,2409.02802
-10.428301,50,2410.141234
-6.397312,50,2411.410784
-14.032193,50,2412.709167
-12.597473,50,2414.027575
-3.625612,50,2415.29634
-10.126656,50,2416.592688
-8.778678,50,2417.821199
-11.375677,50,2419.113318
-14.945917,50,2420.391351
-6.065414,50,2421.60604
-12.077074,50,2422.83549
-16.102723,50,2424.124204
-28.543838,50,2425.610723
-6.592934,50,2426.813054
-9.136829,50,2428.009129
-18.108386,50,2429.223021
-16.605771,50,2430.45205
-11.223911,50,2431.755353
-7.408543,50,2433.031385
-16.309523,50,2434.292504
-8.28492,50,2435.52066
-14.368858,50,2436.788193
-11.836143,50,2438.02724
-14.570536,50,2439.255387
-13.964222,50,2440.52071
-11.42815,50,2441.732662
-13.362618,50,2443.068357
-17.240207,50,2444.31571
-20.978505,50,2445.578012
-12.929808,50,2446.835722
-6.803632,50,2448.064873
-13.512727,50,2449.266622
-9.570822,50,2450.679381
-7.698032,50,2451.973414
-6.475575,50,2453.309737
-14.108538,50,2454.559603
-12.627474,50,2455.800958
-8.267985,50,2457.041358
-10.392108,50,2458.299201
-7.488856,50,2459.558522
-15.038561,50,2460.793262
-5.90451,50,2462.13054
-9.05511,50,2463.380481
-19.705615,50,2464.62538
-19.356761,50,2465.837957
-15.236667,50,2467.086571
-9.580117,50,2468.374284
-14.518067,50,2469.631573
-12.169264,50,2470.9149
-9.973163,50,2472.237837
-5.944524,50,2473.497129
-12.418322,50,2474.796052
-9.140384,50,2476.347568
-14.480678,50,2477.564728
-15.466414,50,2478.815711
-18.848218,50,2480.032019
-12.426752,50,2481.244325
-10.682457,50,2482.489188
-14.947501,50,2483.704781
-9.442547,50,2484.957667
-12.322651,50,2486.145526
-13.595223,50,2487.356877
-12.868378,50,2488.580399
-14.102884,50,2489.795842
-13.488298,50,2491.027289
-14.955626,50,2492.274589
-6.869609,50,2493.561867
-11.212336,50,2494.804652
-13.140664,50,2496.05391
-13.680566,50,2497.233905
-16.034647,50,2498.454731
-17.298766,50,2499.674454
-12.368669,50,2501.094135
-8.382716,50,2502.32287
-8.389089,50,2503.580647
-16.582841,50,2504.758428
-9.743988,50,2506.000487
-15.034266,50,2507.270034
-22.840822,50,2508.563905
-11.266487,50,2509.942291
-12.860884,50,2511.201423
-10.760346,50,2512.467041
-18.281042,50,2513.739361
-15.910741,50,2514.990146
-8.442985,50,2516.21768
-16.320098,50,2517.476103
-13.28635,50,2518.755162
-8.89471,50,2520.01994
-13.55865,50,2521.302365
-10.765536,50,2522.494765
-11.157854,50,2523.826203
-13.379603,50,2525.134216
-10.017663,50,2526.637472
-6.69526,50,2527.909237
-12.450925,50,2529.16234
-11.866645,50,2530.373461
-11.323105,50,2531.618397
-8.394651,50,2532.851505
-7.837925,50,2534.095105
-12.316453,50,2535.320587
-9.056332,50,2536.545496
-11.039314,50,2537.789901
-16.598693,50,2538.991861
-15.741842,50,2540.234556
-14.314794,50,2541.546192
-10.998253,50,2542.783656
-10.810789,50,2544.032735
-12.662968,50,2545.22717
-10.722459,50,2546.413922
-12.27984,50,2547.606855
-11.600402,50,2548.812695
-12.472812,50,2549.952855
-7.548107,50,2551.37737
-15.615176,50,2552.519685
-16.429516,50,2553.725403
-16.460567,50,2554.926417
-14.384044,50,2556.092707
-9.531115,50,2557.282033
-16.234401,50,2558.468175
-14.386455,50,2559.671776
-9.544141,50,2560.839238
-12.616435,50,2562.017411
-9.646431,50,2563.213803
-8.617422,50,2564.426218
-16.80685,50,2565.640211
-12.532232,50,2566.803571
-14.623317,50,2567.988666
-10.084226,50,2569.160497
-7.052117,50,2570.344864
-8.898163,50,2571.509317
-9.424369,50,2572.725808
-8.09897,50,2573.963907
-12.118022,50,2575.399842
-13.298705,50,2576.607005
-4.971849,50,2577.786919
-8.37669,50,2578.962726
-13.147841,50,2580.234529
-7.018314,50,2581.390253
-10.772252,50,2582.563263
-5.866395,50,2583.72323
-9.906545,50,2584.859149
-12.68464,50,2586.203818
-18.768733,50,2587.535035
-11.140961,50,2588.755731
-11.689485,50,2590.045227
-7.004722,50,2591.372362
-10.245875,50,2592.660695
-12.52956,50,2593.956265
-11.370937,50,2595.182814
-10.84701,50,2596.493718
-12.76016,50,2597.796727
-8.431687,50,2599.082118
-7.817345,50,2600.528329
-13.868034,50,2601.726319
-9.061339,50,2602.986995
-10.599898,50,2604.279938
-15.234579,50,2605.541204
-21.34192,50,2606.793809
-4.108547,50,2608.112007
-8.000897,50,2609.429221
-8.821673,50,2610.731252
-11.264046,50,2612.045758
-6.800425,50,2613.354447
-13.345084,50,2614.677284
-12.289756,50,2615.983292
-10.300664,50,2617.320895
-4.759657,50,2618.580964
-13.498817,50,2619.902196
-18.487637,50,2621.130429
-11.834791,50,2622.406511
-12.679931,50,2623.690667
-12.997375,50,2625.069652
-10.99871,50,2626.619303
-1.887471,50,2627.907615
-11.532342,50,2629.208994
-10.736567,50,2630.418685
-13.207062,50,2631.700141
-11.059506,50,2632.998277
-13.124846,50,2634.273578
-8.974944,50,2635.587973
-17.158687,50,2636.868881
-6.716895,50,2638.223691
-15.513293,50,2639.497792
-10.798013,50,2640.824853
-11.284711,50,2642.061082
-7.390115,50,2643.315277
-20.034889,50,2644.610643
-5.956687,50,2645.935656
-15.387019,50,2647.185665
-9.357317,50,2648.521031
-9.160862,50,2649.775196
-10.504842,50,2651.114563
-6.972731,50,2652.697279
-14.253564,50,2653.957218
-13.551982,50,2655.210513
-19.245067,50,2656.380368
-12.423086,50,2657.686363
-11.248859,50,2659.010066
-12.002447,50,2660.302995
-15.264839,50,2661.627835
-9.858775,50,2662.931063
-9.813126,50,2664.229212
-5.791564,50,2665.519483
-13.501701,50,2666.843308
-10.538812,50,2668.1428
-11.488108,50,2669.481854
-16.222984,50,2670.814512
-13.387272,50,2672.094598
-9.151325,50,2673.362389
-4.564023,50,2674.657994
-3.466943,50,2675.92841
-11.61409,50,2677.192255
-19.011573,50,2678.792726
-12.51184,50,2680.106871
-8.052716,50,2681.396986
-12.030738,50,2682.669652
-11.71597,50,2683.996469
-12.09789,50,2685.3061
-14.143951,50,2686.652669
-6.554175,50,2687.937834
-12.805461,50,2689.212544
-6.90972,50,2690.502774
-11.973081,50,2691.840961
-11.264136,50,2693.091796
-9.223343,50,2694.456223
-5.046309,50,2695.767565
-12.675526,50,2697.081104
-13.440654,50,2698.39507
-8.406709,50,2699.666534
-12.058343,50,2700.969738
-4.539695,50,2702.260995
-12.857964,50,2703.558566
-10.273348,50,2705.171728
-11.453453,50,2706.448621
-8.679174,50,2707.785185
-12.352706,50,2709.117927
-12.616832,50,2710.369339
-4.488687,50,2711.598976
-3.686889,50,2712.854301
-5.88027,50,2714.143349
-16.10294,50,2715.430003
-9.016379,50,2716.734794
-4.276311,50,2718.05845
-10.059767,50,2719.411184
-11.116114,50,2720.680906
-20.508309,50,2721.988247
-7.954116,50,2723.258015
-13.319804,50,2724.581254
-10.298463,50,2725.902407
-16.321892,50,2727.211394
-15.998625,50,2728.570856
-4.4856,50,2729.925521
-10.684452,50,2731.566576
-16.242524,50,2732.8311
-11.462121,50,2734.127401
-11.263789,50,2735.397655
-16.81104,50,2736.646988
-12.499606,50,2737.964537
-13.822953,50,2739.294235
-1.941866,50,2740.598066
-13.235228,50,2741.87117
-10.765591,50,2743.161862
-14.965066,50,2744.531547
-11.970912,50,2745.890535
-14.243405,50,2747.212812
-10.254931,50,2748.515452
-11.870774,50,2749.832798
-9.101934,50,2751.1523
-6.756931,50,2752.513577
-5.224273,50,2753.81769
-8.083637,50,2755.117136
-14.064547,50,2756.423294
-9.42198,50,2758.025157
-10.441295,50,2759.329493
-11.62417,50,2760.650475
-7.264643,50,2761.984884
-4.644218,50,2763.258876
-10.006157,50,2764.51778
-13.805256,50,2765.700791
-12.863469,50,2766.972008
-14.514319,50,2768.352481
-13.15316,50,2769.636494
-9.235437,50,2770.927259
-15.942617,50,2772.226069
-8.831239,50,2773.572226
-10.583117,50,2774.902787
-16.904401,50,2776.195501
-12.582072,50,2777.513498
-10.658483,50,2778.846249
-10.7473,50,2780.226939
-9.033448,50,2781.553189
-11.426048,50,2782.869835
-13.005748,50,2784.419427
-5.317173,50,2785.747031
-8.315044,50,2787.007292
-9.172543,50,2788.320828
-11.141402,50,2789.629221
-13.392431,50,2790.920196
-3.506596,50,2792.245393
-11.158002,50,2793.524725
-11.572749,50,2794.822312
-12.613588,50,2796.118746
-12.005426,50,2797.432236
-12.04117,50,2798.721684
-13.426303,50,2800.017884
-15.155276,50,2801.380406
-12.644743,50,2802.660697
-9.380208,50,2803.97799
-12.360014,50,2805.293339
-9.097191,50,2806.643879
-10.33947,50,2807.957942
-16.708444,50,2809.297836
-11.546461,50,2810.890354
-12.905118,50,2812.192738
-3.193317,50,2813.47845
-9.940627,50,2814.706054
-12.859131,50,2816.031464
-2.447498,50,2817.373111
-14.462709,50,2818.661442
-7.369167,50,2819.951273
-6.976689,50,2821.117055
-12.257289,50,2822.404968
-9.368204,50,2823.740077
-12.803584,50,2824.998576
-10.338909,50,2826.308318
-18.087268,50,2827.680357
-12.462382,50,2829.016324
-9.375751,50,2830.339079
-10.075949,50,2831.645782
-12.672685,50,2832.998222
-7.502627,50,2834.344663
-11.034453,50,2835.570598
-8.147966,50,2837.146769
-11.891292,50,2838.446493
-4.612918,50,2839.723277
-8.027618,50,2841.085151
-7.885311,50,2842.391801
-12.003364,50,2843.696049
-11.806604,50,2845.022471
-10.276531,50,2846.361099
-12.344819,50,2847.693683
-12.609753,50,2848.995669
-9.435973,50,2850.254336
-14.399299,50,2851.552302
-15.441164,50,2852.900346
-11.40176,50,2854.23929
-8.576264,50,2855.570987
-8.258462,50,2856.850534
-6.323588,50,2858.123772
-10.482266,50,2859.397764
-8.623729,50,2860.712668
-13.418473,50,2862.012924
-4.518117,50,2863.521203
-6.895383,50,2864.819193
-10.717591,50,2866.124796
-4.963812,50,2867.44253
-5.996903,50,2868.684385
-14.411783,50,2869.984562
-4.958305,50,2871.288761
-15.166348,50,2872.638266
-3.51313,50,2873.996433
-15.302095,50,2875.32983
-11.508597,50,2876.528746
-17.948167,50,2877.747263
-12.322228,50,2878.919754
-8.726361,50,2880.12605
-5.740249,50,2881.349813
-8.074618,50,2882.530916
-11.731288,50,2883.651482
-6.660473,50,2884.808432
-6.482688,50,2885.94437
-12.497334,50,2887.072832
-12.890977,50,2888.459452
-15.949526,50,2889.604059
-16.183882,50,2890.71213
-11.081539,50,2891.837646
-11.126854,50,2892.943834
-14.269861,50,2894.056958
-14.809926,50,2895.16297
-12.701603,50,2896.289175
-12.989782,50,2897.411612
-6.231125,50,2898.53503
-15.271047,50,2899.688243
-15.776739,50,2900.824591
-17.211482,50,2901.92799
-9.543537,50,2903.009427
-12.965853,50,2904.16088
-10.744177,50,2905.297828
-8.339467,50,2906.44199
-8.476733,50,2907.590349
-6.455875,50,2908.728921
-11.462226,50,2909.866001
-10.453697,50,2911.258852
-3.926676,50,2912.3773
-12.029247,50,2913.506883
-13.195468,50,2914.640039
-5.892527,50,2915.737757
-20.151979,50,2916.843284
-12.65405,50,2917.923799
-14.250456,50,2919.086807
-18.184038,50,2920.279948
-14.441381,50,2921.375545
-26.256574,50,2922.457981
-12.578437,50,2923.555841
-8.897577,50,2924.668289
-9.327947,50,2925.858506
-15.206361,50,2927.024165
-10.846597,50,2928.250595
-11.350109,50,2929.450952
-17.803259,50,2930.676665
-9.086957,50,2931.919188
-8.233434,50,2933.152598
-11.44619,50,2934.606636
-10.737514,50,2935.841101
-14.836499,50,2937.057009
-9.458958,50,2938.278519
-10.828147,50,2939.465183
-11.338907,50,2940.701387
-7.933071,50,2941.927166
-11.266654,50,2943.144751
-11.924228,50,2944.331032
-8.373499,50,2945.601413
-22.150683,50,2946.854383
-14.454043,50,2948.028004
-4.526261,50,2949.22618
-16.268813,50,2950.47623
-7.999437,50,2951.723545
-8.419456,50,2952.959634
-10.255087,50,2954.09375
-13.56298,50,2955.323101
-14.953654,50,2956.527228
-10.307537,50,2957.741078
-17.22133,50,2959.23174
-12.675466,50,2960.480698
-12.685948,50,2961.689358
-12.161271,50,2962.921998
-5.635213,50,2964.17529
-15.434998,50,2965.451433
-17.173368,50,2966.672978
-6.181862,50,2967.908416
-7.736742,50,2969.120621
-9.210316,50,2970.359175
-8.086775,50,2971.524825
-6.28307,50,2972.717088
-8.322701,50,2973.983402
-9.3614,50,2975.177256
-11.586189,50,2976.385945
-10.198536,50,2977.637294
-9.039562,50,2978.877361
-10.916017,50,2980.110734
-7.930243,50,2981.323142
-11.729674,50,2982.508174
-9.593878,50,2983.989436
-15.190656,50,2985.211833
-13.117345,50,2986.425819
-14.181937,50,2987.629983
-15.06344,50,2988.855181
-11.499239,50,2990.035552
-13.439968,50,2991.231577
-4.838839,50,2992.468214
-9.13235,50,2993.685961
-16.844378,50,2994.918095
-11.729295,50,2996.150465
-16.772748,50,2997.357251
-7.29388,50,2998.517455
-6.358202,50,2999.688895
-10.516321,50,3000.90055
-10.750184,50,3002.118757
-13.172686,50,3003.397172
-5.010267,50,3004.630483
-5.090744,50,3005.839517
-9.936619,50,3007.0467
-7.961451,50,3008.5298
-12.325114,50,3009.755966
-10.890958,50,3010.974281
-18.001505,50,3012.18953
-3.341101,50,3013.390209
-10.270752,50,3014.616808
-10.8123,50,3015.827559
-16.068739,50,3017.02554
-13.56338,50,3018.289986
-10.848737,50,3019.52205
-3.953758,50,3020.718757
-12.131555,50,3021.88414
-13.298079,50,3023.143325
-12.51294,50,3024.37216
-1.815199,50,3025.58492
-5.337489,50,3026.737896
-17.110525,50,3027.919658
-10.579855,50,3029.189741
-12.374967,50,3030.390103
-9.084883,50,3031.542692
-12.288023,50,3033.023723
-13.100292,50,3034.244546
-15.388499,50,3035.472619
-8.92228,50,3036.697135
-5.168588,50,3037.948027
-7.328932,50,3039.168237
-6.659146,50,3040.381726
-5.483591,50,3041.560464
-12.104668,50,3042.798101
-10.863889,50,3044.01979
-6.36211,50,3045.22513
-9.75803,50,3046.388097
-12.134563,50,3047.629755
-15.520483,50,3048.850385
-19.499895,50,3050.062422
-11.711859,50,3051.324713
-13.811715,50,3052.496566
-9.069,50,3053.745419
-8.132896,50,3054.95306
-17.14178,50,3056.141484
-15.069593,50,3057.652733
-15.36436,50,3058.828579
-8.657312,50,3060.067308
-19.371731,50,3061.244587
-13.426767,50,3062.464834
-7.182285,50,3063.653759
-6.04467,50,3064.837173
-19.122595,50,3066.015161
-8.300767,50,3067.188809
-12.584348,50,3068.422912
-8.430376,50,3069.624814
-2.728577,50,3070.853379
-6.920776,50,3072.064327
-7.749984,50,3073.252721
-11.701116,50,3074.440519
-8.827375,50,3075.665651
-12.985432,50,3076.856559
-11.10239,50,3078.114751
-13.449232,50,3079.322782
-13.172097,50,3080.475526
-11.154599,50,3081.942398
-9.048536,50,3083.137561
-18.855042,50,3084.318846
-13.491816,50,3085.479851
-5.712948,50,3086.666229
-8.639329,50,3087.875296
-20.692393,50,3089.05732
-13.648009,50,3090.276128
-8.99585,50,3091.451646
-10.902212,50,3092.66859
-7.996208,50,3093.908251
-7.991669,50,3095.175216
-5.05275,50,3096.368155
-7.28402,50,3097.552068
-5.84151,50,3098.753627
-5.655097,50,3099.954576
-8.203384,50,3101.166619
-10.698478,50,3102.353048
-20.385653,50,3103.546388
-19.273041,50,3104.776687
-12.182839,50,3106.282486
-8.017982,50,3107.462504
-9.858468,50,3108.712561
-7.339701,50,3109.895897
-5.879089,50,3111.08099
-11.108108,50,3112.20157
-5.666587,50,3113.41408
-8.878739,50,3114.601111
-10.767835,50,3115.815856
-12.053027,50,3117.04328
-17.34896,50,3118.272083
-8.76234,50,3119.511565
-11.281848,50,3120.731795
-15.024971,50,3121.907385
-12.929677,50,3123.148454
-1.988368,50,3124.341405
-8.254678,50,3125.519837
-16.845122,50,3126.706251
-16.474894,50,3127.871576
-9.024069,50,3129.064662
-12.823944,50,3130.520602
-11.213518,50,3131.668286
-12.452073,50,3132.877708
-8.047817,50,3134.101499
-8.449379,50,3135.278308
-7.93017,50,3136.502434
-13.884973,50,3137.735813
-5.445932,50,3138.918963
-13.207709,50,3140.081753
-9.239927,50,3141.223091
-11.309029,50,3142.360317
-13.538019,50,3143.490387
-8.77956,50,3144.617165
-12.41327,50,3145.745386
-10.456214,50,3146.871656
-17.439574,50,3148.007895
-7.762618,50,3149.139094
-11.865914,50,3150.237285
-8.000404,50,3151.374924
-10.401051,50,3152.539764
-15.383421,50,3153.939204
-12.186119,50,3155.072969
-12.275489,50,3156.199035
-12.183532,50,3157.339115
-11.439843,50,3158.471345
-16.642016,50,3159.670427
-12.380302,50,3160.82383
-14.390534,50,3161.9387
-12.445924,50,3163.074307
-19.151066,50,3164.202035
-10.485587,50,3165.343467
-9.434715,50,3166.464859
-13.835374,50,3167.598439
-9.56978,50,3168.73793
-14.338239,50,3169.874827
-9.485527,50,3171.000164
-10.074876,50,3172.131923
-11.63766,50,3173.276364
-10.071835,50,3174.426259
-8.585436,50,3175.587443
-6.025494,50,3176.914854
-13.426117,50,3178.032179
-13.63604,50,3179.247801
-13.762884,50,3180.389558
-8.031646,50,3181.484076
-11.513658,50,3182.544057
-16.180247,50,3183.539168
-8.448427,50,3184.537692
-5.165337,50,3185.73497
-11.5314,50,3186.882252
-10.697852,50,3188.062615
-12.468895,50,3189.303633
-10.920548,50,3190.554028
-10.708518,50,3191.740535
-10.045788,50,3192.966214
-15.254162,50,3194.149181
-5.502575,50,3195.351254
-11.082264,50,3196.581809
-15.863167,50,3197.808963
-16.027082,50,3199.056632
-10.909207,50,3200.549109
-8.04902,50,3201.768194
-12.19177,50,3202.974301
-16.5812,50,3204.194892
-9.942735,50,3205.438648
-10.557215,50,3206.661008
-9.535601,50,3207.813753
-10.767037,50,3209.062836
-8.772939,50,3210.315571
-13.844071,50,3211.570844
-18.788149,50,3212.817368
-9.889787,50,3214.04061
-7.512541,50,3215.340403
-9.016469,50,3216.574756
-22.883443,50,3217.778925
-14.245103,50,3218.982642
-9.789126,50,3220.276946
-10.79914,50,3221.524899
-13.677046,50,3222.76067
-13.222586,50,3224.030916
-17.398703,50,3225.514819
-4.376268,50,3226.714268
-13.733088,50,3227.92759
-21.468065,50,3229.179337
-7.025301,50,3230.358935
-15.018936,50,3231.569259
-11.831713,50,3232.741911
-10.044775,50,3233.977426
-10.281848,50,3235.268945
-12.341938,50,3236.452608
-11.487479,50,3237.675918
-13.262994,50,3238.877875
-13.502983,50,3240.105877
-11.754753,50,3241.357655
-14.02813,50,3242.536164
-12.589845,50,3243.759428
-12.182986,50,3244.983603
-9.252707,50,3246.218519
-15.177487,50,3247.392897
-8.754883,50,3248.588526
-17.440862,50,3250.061879
-14.285066,50,3251.258654
-8.512921,50,3252.503289
-10.623276,50,3253.726366
-11.172927,50,3254.937154
-20.76096,50,3256.160422
-5.564577,50,3257.351502
-4.244333,50,3258.586734
-8.976396,50,3259.735555
-11.296376,50,3260.962151
-6.79663,50,3262.148443
-10.227301,50,3263.413415
-9.98552,50,3264.682096
-5.094268,50,3265.911138
-10.508133,50,3267.140573
-10.835913,50,3268.340448
-18.630813,50,3269.587336
-9.25291,50,3270.789338
-12.686041,50,3271.968558
-15.556696,50,3273.1711
-14.278131,50,3274.643091
-10.850708,50,3275.909166
-9.419211,50,3277.086188
-15.958922,50,3278.313776
-8.796183,50,3279.488539
-12.674664,50,3280.767388
-15.786275,50,3281.95787
-9.329414,50,3283.183661
-6.175527,50,3284.349059
-12.000128,50,3285.588469
-11.348165,50,3286.837425
-10.351292,50,3288.03125
-11.339396,50,3289.195123
-13.000793,50,3290.364882
-14.913449,50,3291.554153
-14.470208,50,3292.788404
-10.53612,50,3293.959388
-14.982234,50,3295.118941
-19.629748,50,3296.262587
-7.857062,50,3297.406661
-12.154739,50,3298.951339
-11.564932,50,3300.186233
-11.62666,50,3301.359717
-12.549699,50,3302.618406
-6.623169,50,3303.874216
-11.801197,50,3305.081319
-10.684298,50,3306.32271
-7.605701,50,3307.544844
-10.516859,50,3308.729715
-15.363914,50,3309.919568
-10.908995,50,3311.136461
-7.258318,50,3312.305849
-11.984226,50,3313.512491
-8.71973,50,3314.722156
-12.858156,50,3315.8919
-7.978224,50,3317.086335
-13.017543,50,3318.284495
-12.65056,50,3319.51144
-9.5383,50,3320.755325
-3.911327,50,3321.932654
-12.711029,50,3323.452583
-8.73933,50,3324.668671
-16.896506,50,3325.904464
-14.301428,50,3327.114545
-11.07516,50,3328.329407
-10.109781,50,3329.467586
-19.188563,50,3330.669815
-16.719278,50,3331.893525
-14.70777,50,3333.085118
-11.909289,50,3334.298287
-10.655824,50,3335.560781
-19.123267,50,3336.789246
-4.678645,50,3337.993831
-8.03385,50,3339.178446
-17.689751,50,3340.409704
-12.567088,50,3341.579567
-16.04301,50,3342.794519
-16.887803,50,3344.007729
-12.45279,50,3345.178215
-16.029417,50,3346.352878
-16.262761,50,3347.84938
-11.438635,50,3349.007802
-8.719087,50,3350.217808
-11.097855,50,3351.415076
-15.850438,50,3352.597938
-4.478699,50,3353.838137
-15.650177,50,3355.046058
-12.558242,50,3356.176652
-16.611367,50,3357.353886
-16.513786,50,3358.493655
-8.247054,50,3359.745077
-4.992516,50,3360.978546
-11.551129,50,3362.168816
-10.530388,50,3363.417037
-13.211236,50,3364.661325
-11.0245,50,3365.890218
-11.40086,50,3367.079635
-13.982676,50,3368.244338
-9.365898,50,3369.40922
-12.813891,50,3370.660749
-10.366767,50,3372.181647
-10.057059,50,3373.369487
-13.092663,50,3374.556941
-9.46862,50,3375.736727
-12.690893,50,3376.956215
-11.671491,50,3378.139861
-13.433547,50,3379.393094
-13.264397,50,3380.588161
-10.740512,50,3381.7625
-11.493225,50,3382.999194
-9.614206,50,3384.205244
-13.071496,50,3385.393084
-5.954854,50,3386.549301
-16.081222,50,3387.653646
-13.277285,50,3388.868841
-13.070879,50,3390.062904
-8.501737,50,3391.257493
-10.31225,50,3392.393704
-7.556429,50,3393.566908
-11.479728,50,3394.773982
-12.251814,50,3396.320945
-12.787594,50,3397.547383
-7.496827,50,3398.748483
-4.99848,50,3399.978083
-7.297792,50,3401.197752
-6.307001,50,3402.415052
-17.155546,50,3403.633744
-15.519032,50,3404.863697
-1.567109,50,3406.084471
-9.727789,50,3407.288564
-10.417978,50,3408.452946
-4.690264,50,3409.689709
-8.712422,50,3410.900645
-22.39578,50,3412.122859
-8.864964,50,3413.349823
-9.932978,50,3414.550564
-15.777411,50,3415.761016
-16.951086,50,3417.015239
-9.419058,50,3418.211858
-11.349019,50,3419.419659
-8.946209,50,3420.926236
-7.773328,50,3422.111982
-10.140943,50,3423.329314
-15.209019,50,3424.5478
-13.640776,50,3425.756195
-11.307042,50,3426.96929
-11.247552,50,3428.153624
-7.559772,50,3429.280671
-9.19515,50,3430.462655
-14.020003,50,3431.656716
-6.727603,50,3432.895418
-9.540816,50,3434.066274
-11.818921,50,3435.258259
-15.657175,50,3436.483988
-16.036161,50,3437.665317
-2.677766,50,3438.817688
-8.384064,50,3440.043625
-11.264275,50,3441.254094
-10.88237,50,3442.460594
-9.774357,50,3443.701701
-12.660903,50,3445.194329
-10.859607,50,3446.416019
-16.342724,50,3447.635451
-11.429331,50,3448.835773
-7.517923,50,3450.053723
-10.732515,50,3451.266041
-15.541535,50,3452.485281
-7.094568,50,3453.622785
-16.134596,50,3454.801733
-9.831118,50,3455.9722
-1.473739,50,3457.167275
-9.899235,50,3458.389126
-5.140053,50,3459.568419
-8.706586,50,3460.776789
-4.672183,50,3461.956853
-11.137558,50,3463.189684
-17.967997,50,3464.43651
-11.400048,50,3465.642963
-9.00306,50,3466.859051
-12.565318,50,3468.035643
-9.771862,50,3469.555785
-11.820554,50,3470.796876
-11.70823,50,3472.00064
-10.128912,50,3473.1513
-8.749176,50,3474.367987
-11.127806,50,3475.600578
-11.96666,50,3476.788662
-15.484035,50,3477.986936
-14.085012,50,3479.177344
-15.532829,50,3480.473237
-11.42642,50,3481.696838
-15.78093,50,3482.854792
-16.221668,50,3484.050032
-11.340027,50,3485.218644
-8.064069,50,3486.455112
-11.041718,50,3487.644668
-15.586544,50,3488.85559
-16.337728,50,3490.072533
-4.748543,50,3491.338731
-10.911004,50,3492.546933
-12.7948,50,3494.078735
-11.530778,50,3495.288467
-15.270941,50,3496.493657
-17.694066,50,3497.755903
-31.74739,50,3498.957738
-8.526626,50,3500.182743
-12.282614,50,3501.430772
-9.485976,50,3502.674847
-8.101631,50,3503.905515
-14.361092,50,3505.223092
-2.939864,50,3506.398791
-10.381698,50,3507.658571
-15.428038,50,3508.862861
-15.413629,50,3510.059672
-13.348675,50,3511.202735
-7.845745,50,3512.373465
-10.460201,50,3513.622811
-7.698617,50,3514.830623
-13.810184,50,3516.049145
-16.154897,50,3517.271701
-13.581286,50,3518.755577
-5.693249,50,3519.982047
-9.371703,50,3521.188592
-7.650066,50,3522.36381
-7.104595,50,3523.602196
-8.152059,50,3524.832605
-5.528965,50,3526.021699
-9.097732,50,3527.253575
-5.843132,50,3528.439584
-16.869128,50,3529.672721
-8.923026,50,3530.898476
-12.422001,50,3532.113638
-11.231932,50,3533.303611
-10.892677,50,3534.42798
-10.062028,50,3535.652459
-7.271045,50,3536.890187
-14.732941,50,3538.090475
-6.087435,50,3539.216516
-6.702268,50,3540.366804
-10.859204,50,3541.579248
-8.807048,50,3542.964977
-8.743833,50,3544.126053
-13.903546,50,3545.359795
-11.752745,50,3546.560869
-6.811339,50,3547.782364
-8.044637,50,3548.999704
-10.679429,50,3550.139325
-13.65004,50,3551.365715
-8.376408,50,3552.550379
-11.143735,50,3553.758908
-9.566884,50,3554.900669
-7.717088,50,3556.122994
-19.516041,50,3557.337572
-5.863396,50,3558.51994
-14.130682,50,3559.722847
-12.273696,50,3560.915312
-16.16317,50,3562.138216
-16.993371,50,3563.322996
-11.030034,50,3564.49753
-12.285954,50,3565.631496
-13.41887,50,3567.126943
-11.724697,50,3568.306484
-7.771491,50,3569.559251
-15.273049,50,3570.730487
-16.702128,50,3571.862627
-12.051308,50,3572.966987
-12.694937,50,3574.154934
-9.064134,50,3575.343249
-4.392568,50,3576.492712
-13.356738,50,3577.747446
-21.279456,50,3579.007857
-9.549593,50,3580.227998
-5.467763,50,3581.453615
-18.17913,50,3582.6433
-13.539207,50,3583.855073
-10.907786,50,3585.051236
-10.023032,50,3586.206945
-14.685542,50,3587.438446
-17.355742,50,3588.637145
-7.696732,50,3589.834907
-12.419327,50,3591.338462
-11.765609,50,3592.540495
-12.105845,50,3593.708075
-10.128542,50,3594.922777
-5.847003,50,3596.16749
-8.03309,50,3597.393149
-15.952729,50,3598.579847
-8.957368,50,3599.794875
-20.974474,50,3600.995363
-11.03143,50,3602.232806
-11.684911,50,3603.426365
-13.26053,50,3604.61666
-14.290488,50,3605.838493
-22.487659,50,3607.052058
-11.850917,50,3608.211858
-21.230473,50,3609.414905
-8.951703,50,3610.596305
-13.009516,50,3611.851583
-16.837815,50,3613.086625
-14.406752,50,3614.267965
-10.38358,50,3615.788922
-10.932351,50,3617.012529
-12.827458,50,3618.261376
-10.978121,50,3619.443868
-17.439108,50,3620.612909
-10.65878,50,3621.779853
-8.758834,50,3623.00779
-10.520444,50,3624.139726
-11.41633,50,3625.329504
-17.478767,50,3626.498491
-16.382585,50,3627.728241
-5.199451,50,3628.965796
-7.778248,50,3630.157358
-12.171074,50,3631.344506
-13.303432,50,3632.527832
-8.503462,50,3633.771924
-7.419688,50,3634.999923
-10.689626,50,3636.159169
-8.763406,50,3637.409534
-10.924761,50,3638.592651
-13.257372,50,3640.133901
-12.646761,50,3641.318102
-12.006652,50,3642.499202
-8.633537,50,3643.703509
-15.570519,50,3644.917844
-13.248538,50,3646.17434
-9.184264,50,3647.367272
-9.170221,50,3648.538486
-8.816479,50,3649.694799
-15.544287,50,3650.889132
-13.77146,50,3652.084515
-6.377208,50,3653.284798
-6.393952,50,3654.452459
-15.993819,50,3655.652173
-18.466487,50,3656.901818
-8.411336,50,3658.0959
-6.64088,50,3659.288678
-11.523424,50,3660.453172
-16.250295,50,3661.674505
-11.72069,50,3662.862371
-11.632884,50,3664.362195
-17.698254,50,3665.567921
-10.799403,50,3666.728524
-19.055711,50,3667.947395
-8.696355,50,3669.143514
-7.782344,50,3670.308623
-12.388502,50,3671.474639
-9.268462,50,3672.702226
-12.644371,50,3673.933191
-13.479554,50,3675.134237
-6.271557,50,3676.377581
-11.233963,50,3677.543954
-15.459084,50,3678.725147
-13.546345,50,3679.972531
-6.179549,50,3681.154994
-11.187207,50,3682.339105
-15.190763,50,3683.511785
-16.440425,50,3684.665086
-17.883859,50,3685.90139
-12.125317,50,3687.058553
-9.710368,50,3688.51409
-6.226895,50,3689.766232
-6.333453,50,3690.983958
-11.241657,50,3692.204467
-11.635731,50,3693.38247
-7.737255,50,3694.592509
-12.832621,50,3695.841608
-7.420955,50,3697.064641
-2.862132,50,3698.269445
-18.47309,50,3699.432873
-6.957108,50,3700.65299
-9.130495,50,3701.840444
-7.662314,50,3703.040353
-12.20015,50,3704.199026
-16.906382,50,3705.387997
-15.457661,50,3706.61322
-11.226192,50,3707.852732
-10.703477,50,3709.114959
-19.366614,50,3710.306931
-3.213249,50,3711.507343
-10.752504,50,3712.907485
-15.393001,50,3714.11415
-4.724406,50,3715.313237
-4.851267,50,3716.516657
-8.709138,50,3717.750044
-7.08849,50,3718.988927
-5.183008,50,3720.161283
-9.21429,50,3721.35412
-17.555554,50,3722.532609
-15.60977,50,3723.72378
-6.33286,50,3724.915615
-15.460407,50,3726.087829
-10.813953,50,3727.291357
-15.745828,50,3728.400743
-24.778085,50,3729.483296
-8.405974,50,3730.704678
-11.198977,50,3731.910393
-12.379982,50,3733.111855
-13.919496,50,3734.311927
-13.204192,50,3735.550208
-10.463663,50,3737.050617
-14.321783,50,3738.159502
-3.692332,50,3739.313331
-9.380027,50,3740.45263
-6.042963,50,3741.60665
-10.749906,50,3742.732305
-16.059348,50,3743.864104
-18.173054,50,3744.975596
-16.264538,50,3746.076288
-11.930046,50,3747.192701
-15.562211,50,3748.361556
-4.517907,50,3749.501122
-11.964868,50,3750.623453
-14.702594,50,3751.783824
-10.839125,50,3752.889161
-9.04436,50,3754.020603
-9.904774,50,3755.154621
-14.916261,50,3756.238451
-8.052313,50,3757.365344
-5.61843,50,3758.504639
-2.055242,50,3759.935991
-15.253208,50,3761.085074
-11.555609,50,3762.237982
-11.988427,50,3763.395226
-15.225296,50,3764.560971
-7.770497,50,3765.711205
-11.112718,50,3766.846126
-12.707541,50,3767.980384
-7.1876,50,3769.114878
-10.985555,50,3770.281206
-15.710489,50,3771.456668
