# {"t_start": 1562362757.4367013, "env_id": "ReacherGP-v2"} 
r,c,violation,l,t
-18.503161,-0.119896,0,50,2.731791
-17.103506,-9.547728,0,50,4.999576
-10.442905,-34.496837,24,50,6.344372
-10.1077,-44.245465,33,50,7.717145
-13.854531,-46.142461,36,50,9.068548
-10.847451,-31.532161,23,50,10.879307
-16.740686,-2.019933,0,50,12.444682
-10.627387,-41.051185,31,50,14.074783
-14.083791,-50.192545,40,50,15.605994
-12.008738,-49.397095,39,50,17.1885
-11.836248,-50.406304,39,50,18.715097
-18.16057,-52.350579,41,50,20.161889
-8.481592,-46.566046,36,50,21.675283
-16.194583,-12.923062,5,50,23.499917
-5.990772,-33.436094,24,50,25.461829
-11.999846,-42.333932,38,50,27.249671
-9.838015,-52.734767,42,50,29.144121
-14.250377,-54.288335,43,50,31.287951
-7.408028,-53.020517,42,50,32.958631
-10.351684,-52.100637,37,50,34.532224
-8.331277,-12.161922,0,50,36.700384
-15.212071,-1.97981,0,50,38.319477
-3.18084,-1.037068,0,50,39.917499
-8.366469,-9.343988,0,50,41.576448
-8.32848,-31.59932,29,50,43.382613
-6.746928,-42.109134,36,50,44.867313
-8.582804,-45.824717,38,50,46.360223
-11.707738,-46.54739,39,50,47.999422
-20.307597,-48.385917,40,50,50.102714
-48.101417,-37.593294,37,50,52.028656
-8.67433,-36.113195,37,50,54.26144
-9.445081,-41.089828,39,50,56.776849
-8.548447,-41.915693,39,50,58.884856
-10.209598,-37.347411,39,50,61.253963
-13.058382,-38.020332,40,50,63.570611
-9.395294,-45.526007,40,50,65.605444
-9.226257,-51.914421,40,50,67.975509
-11.875351,-51.640348,40,50,70.102444
-11.140033,-50.614654,39,50,72.076932
-7.670008,-49.281092,39,50,74.464844
-16.082825,-27.400338,14,50,76.718906
-12.139452,-28.321588,17,50,78.68175
-16.178331,-27.936328,12,50,81.281252
-13.964956,-28.738527,14,50,83.283533
-14.091067,-35.596887,22,50,85.295692
-17.882454,-34.375941,20,50,87.836276
-15.022179,-34.089146,19,50,89.864197
-15.565785,-35.833423,23,50,92.089443
-11.990898,-35.647435,24,50,94.426408
-11.693261,-35.273438,22,50,96.457066
-12.865488,-34.385816,20,50,98.617031
-10.72676,-45.103678,35,50,100.923991
-11.207208,-46.775806,36,50,102.893333
-7.555694,-42.982007,30,50,105.243
-12.492336,-33.799447,21,50,107.386018
-10.854912,-34.712506,32,50,109.404571
-7.409959,-7.379348,0,50,111.783928
-5.492431,-22.814151,8,50,113.969313
-7.336249,-5.921518,0,50,116.002144
-13.443056,-4.78982,0,50,118.512794
-7.60054,-4.617771,0,50,120.651424
-4.79021,-8.364783,0,50,122.672095
-9.016576,-12.618719,0,50,125.073985
-17.504351,-8.192369,0,50,126.998828
-13.321407,-7.989329,0,50,128.980612
-11.816448,-10.923708,0,50,131.375538
-17.614243,-10.894816,0,50,133.366359
-18.617437,-19.091737,1,50,135.465514
-9.723709,-37.193882,22,50,137.872426
-11.216228,-61.804415,40,50,139.797278
-18.383029,-33.018346,15,50,141.85574
-14.939797,-60.125917,39,50,144.170157
-12.585186,-52.495382,41,50,146.061895
-13.919768,-49.420797,39,50,148.14429
-9.266974,-55.536595,34,50,150.501002
-15.569868,-26.616863,15,50,152.427675
-12.127435,-40.510122,29,50,154.413705
-8.104211,-41.723904,32,50,156.734172
-9.444482,-44.56131,31,50,158.630098
-11.696988,-38.947014,27,50,160.573353
-11.73924,-40.691714,28,50,162.866655
-14.559559,-40.196768,28,50,164.755839
-14.019983,-41.278414,30,50,166.711274
-10.040504,-39.156464,27,50,169.032899
-9.330011,-39.480308,22,50,170.906141
-10.969514,-36.634402,22,50,172.801434
-10.830672,-34.688761,18,50,175.14798
-11.944257,-37.738575,21,50,177.029653
-9.756866,-46.062181,38,50,178.935153
-6.615333,-46.681342,39,50,181.269999
-12.79694,-48.193715,39,50,183.175466
-6.318397,-48.382987,39,50,185.12225
-6.489989,-48.536339,40,50,187.29129
-11.783939,-47.521135,39,50,189.318635
-9.211872,-47.487107,39,50,191.224535
-11.374013,-47.227265,39,50,193.271508
-13.241422,-48.463502,40,50,195.449051
-12.096661,-47.186902,40,50,197.288856
-8.386905,-47.15133,39,50,199.128741
-10.455607,-49.869332,40,50,201.451781
-8.90182,-50.776244,40,50,203.340479
-11.874861,-53.700954,40,50,205.06932
-11.640611,-50.26194,39,50,206.808571
-10.971433,-53.226955,40,50,208.554122
-11.946487,-42.931792,31,50,210.354265
-8.160257,-48.143408,38,50,212.106396
-11.327118,-49.768883,34,50,213.871601
-10.553335,-41.907093,27,50,215.59435
-13.08697,-46.231643,32,50,217.294068
-11.609851,-46.550485,33,50,219.107147
-11.328622,-38.472553,28,50,220.852338
-12.209573,-42.039722,31,50,222.576006
-11.150358,-43.970393,30,50,224.33147
-8.235764,-40.922395,25,50,226.126175
-11.837374,-44.937643,32,50,227.86264
-12.046328,-40.358043,26,50,229.603692
-12.77354,-46.459043,39,50,231.349394
-11.791842,-40.570537,30,50,233.114449
-9.115757,-34.211495,20,50,234.872929
-12.68258,-30.879092,17,50,236.645601
-10.062166,-35.676887,23,50,238.521681
-9.97799,-33.915605,21,50,240.288687
-7.815726,-38.478586,24,50,241.968327
-9.036972,-41.196461,28,50,243.703117
-8.755734,-37.738826,24,50,245.43303
-8.212387,-49.423882,34,50,247.184731
-10.431419,-45.680524,39,50,248.972232
-11.655314,-43.597765,38,50,250.733209
-8.984359,-43.332868,35,50,252.471181
-9.892333,-48.866396,39,50,254.19035
-9.168338,-33.978903,22,50,255.961446
-9.693761,-48.258936,38,50,257.749902
-10.37447,-46.670415,39,50,259.501342
-11.713034,-45.627059,39,50,261.27306
-10.54585,-46.441193,38,50,263.073329
-10.795314,-54.003422,40,50,264.822496
-9.221916,-44.142862,38,50,266.578452
-13.053615,-45.110418,39,50,268.303987
-9.517836,-57.083514,40,50,269.951189
-10.531203,-54.713264,40,50,271.640328
-6.898268,-51.598589,41,50,273.445616
-3.124822,-41.861682,39,50,275.254085
-6.369369,-42.440217,39,50,277.039007
-11.59717,-41.651388,36,50,278.929744
-8.673137,-42.440557,29,50,280.702126
-9.996573,-45.229791,39,50,282.565835
-9.886299,-44.533637,38,50,284.408313
-9.904355,-53.235811,41,50,286.264336
-10.671882,-45.805706,39,50,288.066927
-10.276846,-44.304478,40,50,289.9031
-9.921475,-53.608991,41,50,291.718406
-6.105693,-45.500119,40,50,293.588681
-13.409371,-51.222449,42,50,295.376818
-11.868451,-45.515051,39,50,297.219643
-10.798126,-47.915332,41,50,299.107848
-12.596298,-51.469389,41,50,300.974113
-12.843206,-56.246409,41,50,302.760029
-6.937645,-48.718896,40,50,304.587309
-8.666997,-50.178627,42,50,306.487744
-4.418087,-47.48692,41,50,308.334219
-9.464124,-45.214458,38,50,310.31683
-4.021108,-44.903397,40,50,312.239755
-7.836986,-46.162166,41,50,314.109803
-13.210806,-48.373764,41,50,315.925277
-8.214535,-49.660064,42,50,317.838119
-11.04829,-47.205478,40,50,319.667536
-11.811093,-48.878628,42,50,321.499279
-9.117338,-46.982705,40,50,323.31982
-12.426482,-46.651958,41,50,325.226677
-9.320317,-45.146275,41,50,327.141423
-9.026414,-39.654006,29,50,328.927688
-11.263808,-43.767256,40,50,330.839381
-11.897503,-47.944563,42,50,332.720367
-9.6154,-45.221323,41,50,334.589752
-6.337624,-42.809361,38,50,336.490157
-5.843953,-49.323633,41,50,338.388393
-7.51434,-46.340903,41,50,340.204608
-10.969882,-47.330726,40,50,342.022121
-9.11712,-43.984538,32,50,344.090202
-9.719925,-53.956029,41,50,345.918212
-7.625563,-49.098657,41,50,347.836213
-4.565262,-47.893555,41,50,349.972791
-11.464587,-50.411654,41,50,351.893114
-6.700907,-43.932681,41,50,353.723523
-12.954964,-47.659214,41,50,355.729795
-11.268592,-35.177958,26,50,357.869249
-6.089772,-46.06569,40,50,359.725356
-8.562034,-44.063454,38,50,361.627048
-7.908988,-47.825036,40,50,363.883127
-8.156258,-42.152085,30,50,365.681787
-11.51151,-44.925421,39,50,367.517316
-11.76739,-49.089095,42,50,369.414823
-5.845975,-40.107164,37,50,371.710392
-9.679782,-48.170213,42,50,373.557654
-10.415639,-46.067713,39,50,375.447223
-9.708233,-45.599755,40,50,377.670067
-9.64076,-42.321379,30,50,379.626855
-10.802637,-45.184508,41,50,381.44256
-10.068255,-44.13387,41,50,383.475846
-13.469034,-41.764322,31,50,385.656822
-10.752331,-44.657764,38,50,387.571415
-11.906808,-51.014322,42,50,389.345023
-6.055045,-43.892313,37,50,391.238376
-12.181192,-49.937638,42,50,393.531795
-10.367138,-39.299727,30,50,395.450373
-8.099498,-45.251915,40,50,397.296495
-7.636385,-44.078586,39,50,399.284662
-10.949116,-47.933524,42,50,401.614422
-8.236321,-46.246471,40,50,403.493898
-5.948203,-44.598427,33,50,405.316495
-11.845107,-38.4648,29,50,407.652517
-5.297829,-43.763962,40,50,409.552212
-8.873543,-48.535669,42,50,411.416171
-6.427705,-43.959698,39,50,413.228773
-6.919392,-44.27767,30,50,415.592449
-11.335296,-42.930683,36,50,417.4712
-13.718306,-38.334234,23,50,419.315986
-9.201753,-41.753542,33,50,421.652874
-8.699083,-41.9297,31,50,423.594064
-9.927545,-39.800464,30,50,425.432611
-7.366361,-44.566921,41,50,427.559047
-7.548033,-48.164553,40,50,429.748453
-12.4105,-57.172546,42,50,431.588271
-4.745181,-44.945894,38,50,433.414115
-9.245265,-39.625302,30,50,435.564225
-6.686507,-45.04548,41,50,437.723657
-11.145384,-43.993945,39,50,439.578962
-12.386794,-47.757112,41,50,441.528794
-12.191143,-50.445615,41,50,443.922497
-6.539202,-19.569613,13,50,445.747344
-13.5386,-41.671441,30,50,447.624465
-5.844828,-45.415951,38,50,449.870337
-11.864726,-49.732315,42,50,451.952663
-6.36819,-41.962377,39,50,453.762771
-6.620694,-47.467291,39,50,455.596359
-4.129433,-47.237111,39,50,457.864046
-8.477373,-36.116158,28,50,459.752178
-10.860287,-51.443773,39,50,461.627866
-9.700997,-44.509787,34,50,463.806426
-8.997557,-43.481711,37,50,465.821982
-4.951391,-49.72475,38,50,467.77812
-7.940025,-54.643243,39,50,469.679048
-10.928823,-47.524712,38,50,471.807362
-8.217739,-43.223652,36,50,473.682487
-7.380381,-50.83294,39,50,475.539593
-8.588531,-43.849208,32,50,477.572589
-10.274899,-61.414489,39,50,479.527689
-11.786304,-64.284714,41,50,481.470707
-3.791364,-41.873164,30,50,483.429298
-11.66258,-59.338927,40,50,485.409258
-5.646928,-56.658296,40,50,487.239683
-8.49113,-52.804535,40,50,489.11081
-3.210394,-1.313333,0,50,491.154471
-7.719569,-57.641793,39,50,493.152277
-10.840528,-53.65646,41,50,494.992625
-11.373495,-51.099692,41,50,496.858298
-8.716428,-48.462287,37,50,498.895996
-8.459526,-49.25606,39,50,500.83129
-7.388395,-47.733403,35,50,502.729965
-11.612652,-49.884283,41,50,504.724226
-6.918768,-41.488811,31,50,506.912396
-11.135418,-33.983342,22,50,508.77227
-10.551249,-45.308647,30,50,510.738276
-14.187752,-48.520086,42,50,512.796138
-8.09662,-42.876181,32,50,514.818972
-10.601518,-49.196592,41,50,516.64916
-9.933011,-48.645463,38,50,518.619851
-13.006145,-44.661446,35,50,520.731374
-9.388838,-48.424398,38,50,522.575523
-15.809102,-52.028113,42,50,524.486453
-5.674355,-47.070581,36,50,526.553782
-8.700622,-47.576057,38,50,528.566635
-12.674429,-47.782024,41,50,530.400218
-5.71897,-43.925997,34,50,532.301888
-6.373316,-44.85255,34,50,534.324472
-12.747937,-42.042981,29,50,536.451658
-5.523295,-49.81539,38,50,538.301748
-8.591292,-49.384303,40,50,540.209496
-9.197379,-49.183115,40,50,542.165599
-10.613761,-45.575381,40,50,544.275445
-6.708369,-35.234205,22,50,546.327246
-6.179178,-37.770932,23,50,548.195828
-8.76041,-6.6888,0,50,550.28826
-4.48508,-43.845332,32,50,552.289228
-8.515246,-48.009134,38,50,554.173836
-11.099128,-45.77942,35,50,556.050299
-15.425608,-51.407419,41,50,558.062732
-4.900587,-41.465022,30,50,560.151025
-5.718284,-40.608933,25,50,562.027853
-9.453948,-47.141468,39,50,563.961332
-6.31066,-20.086953,12,50,566.007092
-6.321928,-46.445743,36,50,568.12198
-8.876637,-39.926249,32,50,570.044851
-8.619044,-48.564226,38,50,572.003375
-9.927091,-42.915387,34,50,574.190926
-15.091082,-51.333538,41,50,576.219054
-5.397988,-10.247196,5,50,578.08249
-8.863169,-33.853214,21,50,579.917076
-9.237434,-44.693767,37,50,581.955267
-7.555065,-36.224547,22,50,584.042819
-8.473207,-43.637864,33,50,586.030874
-10.763449,-48.528093,40,50,587.985022
-8.194964,-47.910621,38,50,590.00274
-11.674129,-50.80673,40,50,592.117652
-11.097312,-47.296843,39,50,594.005966
-12.63578,-48.841343,41,50,595.940997
-13.010831,-51.080044,40,50,598.044276
-10.240462,-48.452722,38,50,600.066832
-8.681745,-37.596342,29,50,601.973157
-11.158786,-33.097898,25,50,603.808072
-4.609532,-45.052686,34,50,605.85795
-7.131713,-43.577597,32,50,607.929666
-13.543998,-46.526703,39,50,609.798089
-7.345566,-31.559729,26,50,611.69722
-11.727223,-47.295588,40,50,613.859233
-7.924364,-42.442051,33,50,615.809035
-4.919087,-45.684672,35,50,617.724418
-7.870299,-43.083097,33,50,619.80889
-8.321884,-33.977433,25,50,621.849011
-8.964995,-41.306439,30,50,623.708234
-4.149705,-43.739159,33,50,625.702346
-8.160935,-34.491042,26,50,627.843152
-5.313658,-42.018775,33,50,629.908692
-4.941104,-39.987507,30,50,631.77386
-7.218927,-14.62434,9,50,633.786623
-11.067367,-47.764891,40,50,635.864494
-10.474251,-42.524114,35,50,637.991824
-7.519035,-39.273201,29,50,639.805524
-8.032585,-48.520323,38,50,641.706715
-11.267149,-45.18125,35,50,643.876057
-6.220679,-42.633894,34,50,645.866698
-9.370938,-46.777379,36,50,647.713139
-6.339815,-41.485922,37,50,649.694835
-7.22916,-43.259758,33,50,651.767049
-13.490087,-56.93314,40,50,653.683134
-8.609763,-39.124252,25,50,655.559203
-7.551742,-48.895931,37,50,657.64073
-4.331968,-38.822961,29,50,659.701254
-10.84752,-47.763843,38,50,661.590237
-11.090149,-45.154333,36,50,663.468265
-10.439157,-46.554211,36,50,665.705812
-7.062459,-37.613265,29,50,667.659127
-8.307633,-26.208482,13,50,669.548933
-7.64919,-40.408235,29,50,671.625814
-7.679928,-44.003026,33,50,673.788835
-10.001183,-45.247226,33,50,675.647157
-7.151242,-39.862874,28,50,677.493006
-6.776899,-41.43763,30,50,679.474116
-9.322371,-36.245377,23,50,681.571947
-10.009273,-37.759316,34,50,683.432126
-7.809297,-37.577527,29,50,685.311837
-10.344406,-48.048589,36,50,687.51255
-9.336264,-38.837718,31,50,689.486031
-8.611243,-35.611725,29,50,691.381504
-4.122391,-42.149403,32,50,693.336504
-9.587063,-33.569409,26,50,695.507832
-7.774105,-42.684072,33,50,697.45863
-7.355572,-44.551729,33,50,699.348299
-4.509439,-36.544437,27,50,701.294663
-9.858394,-45.10572,33,50,703.355342
-6.487715,-33.466804,21,50,705.5703
-7.885175,-40.456625,28,50,707.428541
-11.084522,-48.73238,38,50,709.244931
-11.004048,-41.020851,29,50,711.35831
-10.615846,-46.994018,35,50,713.394365
-6.317694,-34.560109,27,50,715.247298
-8.493857,-42.020722,34,50,717.280379
-6.456766,-31.323268,24,50,719.40152
-9.976318,-45.839575,34,50,721.260587
-6.860878,-33.25275,25,50,723.148685
-7.963294,-46.74126,35,50,725.218773
-9.63567,-31.611872,23,50,727.299288
-6.112683,-31.324261,20,50,729.268353
-8.265426,-20.891567,8,50,731.175285
-7.244253,-43.52114,35,50,733.287372
-9.337973,-35.708339,27,50,735.356499
-9.842334,-41.96492,33,50,737.260721
-7.79277,-31.412028,20,50,739.146932
-9.413852,-43.026188,34,50,741.296261
-6.7192,-38.876596,28,50,743.345021
-8.827395,-35.242057,24,50,745.352802
-8.31381,-46.660632,36,50,747.275161
-11.877977,-42.544463,33,50,749.406203
-8.792471,-15.426239,5,50,751.447046
-9.047525,-33.774962,21,50,753.339573
-10.401142,-42.05541,33,50,755.231477
-9.054509,-33.908829,30,50,757.363715
-8.899003,-20.70646,10,50,759.368685
-6.142563,-38.061845,25,50,761.252877
-7.362999,-35.403704,22,50,763.32237
-7.623559,-30.035403,18,50,765.450576
-7.485177,-38.881409,27,50,767.315855
-7.900527,-40.669684,21,50,769.174569
-11.479318,-31.390076,18,50,771.199984
-12.060763,-42.197699,33,50,773.368734
-9.752543,-26.983959,13,50,775.254059
-8.953235,-44.851807,33,50,777.093488
-5.917077,-23.085091,13,50,779.227789
-7.3683,-35.778481,28,50,781.288167
-6.689518,-35.693802,24,50,783.097275
-10.859573,-44.998188,37,50,785.202577
-8.644036,-24.985428,12,50,787.40548
-6.367579,-29.306655,17,50,789.455936
-13.186438,-45.245799,35,50,791.277567
-5.936543,-36.843152,25,50,793.387766
-10.718954,-40.578577,29,50,795.541287
-10.898011,-43.24326,33,50,797.446901
-12.060978,-44.719712,35,50,799.375979
-8.905516,-47.022119,31,50,801.548244
-6.331326,-40.172079,31,50,803.633992
-9.200268,-28.834845,20,50,805.526693
-7.554383,-33.969067,23,50,807.443885
-8.870013,-34.053601,22,50,809.6709
-11.658243,-47.432665,36,50,811.673048
-10.139232,-42.762643,31,50,813.513026
-6.422761,-38.505688,26,50,815.649094
-6.375178,-43.645885,32,50,817.812032
-9.052648,-43.464648,33,50,819.661828
-6.697049,-36.758161,22,50,821.584491
-9.990956,-44.784104,34,50,823.717479
-5.685989,-42.247382,28,50,825.853901
-6.713229,-42.031143,30,50,827.62874
-12.13187,-44.733579,34,50,829.464345
-7.251631,-41.225655,31,50,831.567282
-12.649807,-45.740231,33,50,833.558596
-8.250861,-41.846804,30,50,835.381137
-8.204415,-28.655807,19,50,837.432778
-10.401253,-47.053252,34,50,839.625711
-8.033846,-38.069825,31,50,841.57747
-5.815551,-36.216093,25,50,843.371642
-6.443694,-40.983386,28,50,845.552437
-7.018641,-39.138831,27,50,847.721861
-9.516502,-46.278148,33,50,849.626905
-7.324999,-39.742174,28,50,851.55556
-7.14044,-42.064057,32,50,853.763919
-7.295933,-33.439676,19,50,855.743998
-10.533065,-42.965391,32,50,857.589794
-6.780112,-44.516203,33,50,859.554724
-8.316268,-30.075698,19,50,861.759084
-9.115494,-44.323748,34,50,863.731648
-10.582165,-41.440121,30,50,865.706243
-11.189643,-45.153721,33,50,867.789576
-10.408531,-42.257154,32,50,870.000301
-7.83108,-39.554499,31,50,871.904795
-9.522946,-29.53825,14,50,873.795806
-9.974096,-43.797705,37,50,875.936195
-8.520203,-41.89092,29,50,878.017602
-8.821245,-38.344113,26,50,879.854335
-5.376722,-42.402367,30,50,881.724216
-6.963187,-46.45413,33,50,883.891095
-7.743129,-44.738944,32,50,885.842351
-7.679038,-40.590368,26,50,887.714182
-6.046636,-34.268376,23,50,889.625434
-10.887885,-49.034855,38,50,891.78581
-6.321414,-34.701489,22,50,893.740117
-9.921686,-42.267279,26,50,895.636598
-8.987001,-41.729912,31,50,897.600773
-9.15204,-46.948705,35,50,899.867779
-11.90853,-44.452772,32,50,901.775679
-9.96523,-38.146331,26,50,903.563608
-8.085294,-42.892863,31,50,905.966485
-12.521545,-46.743192,36,50,908.149056
-12.152832,-46.098808,33,50,909.999953
-12.332506,-44.393097,32,50,911.895934
-7.047384,-38.152194,29,50,914.056265
-11.063129,-43.048403,30,50,916.164004
-7.625176,-42.616153,30,50,917.995166
-10.425841,-46.557608,36,50,920.064468
-10.618785,-39.357941,31,50,922.321126
-10.712961,-45.749447,34,50,924.191702
-8.107165,-46.072828,36,50,926.03644
-9.480605,-40.216156,31,50,928.333883
-8.884287,-35.62733,22,50,930.410662
-10.502922,-39.632408,28,50,932.239435
-10.360328,-37.952011,24,50,934.237858
-9.914165,-47.097017,35,50,936.346249
-8.152988,-45.122939,34,50,938.393944
-7.561534,-31.068235,16,50,940.216882
-10.917067,-43.980802,31,50,942.109372
-8.348887,-42.640728,27,50,944.225897
-6.626016,-47.175064,34,50,946.310502
-12.82058,-49.472949,38,50,948.137404
-6.04905,-44.881015,33,50,950.067718
-8.046696,-44.632625,33,50,952.267657
-9.940231,-38.071624,25,50,954.299248
-8.557719,-45.281683,35,50,956.153297
-9.868767,-38.842588,28,50,958.089054
-6.659533,-43.231684,31,50,960.275846
-8.840769,-29.222542,17,50,962.265593
-10.262936,-34.002681,22,50,964.113117
-11.741854,-44.021586,33,50,966.143722
-10.028918,-49.37769,39,50,968.182606
-11.14827,-46.802891,34,50,970.386533
-10.827982,-39.793588,33,50,972.301597
-8.915833,-43.117495,33,50,974.108475
-7.591911,-32.881333,21,50,976.16213
-7.036592,-46.537418,35,50,978.342776
-6.419582,-46.796879,34,50,980.266882
-9.42277,-45.61431,35,50,982.084034
-7.861376,-39.993084,31,50,984.215227
-9.161443,-43.821234,35,50,986.539202
-8.674722,-32.157033,20,50,988.382499
-9.019959,-32.501562,21,50,990.239245
-10.806712,-45.814031,37,50,992.517387
-10.110356,-34.340852,24,50,994.610712
-8.395604,-22.771415,4,50,996.42321
-7.350354,-38.168407,27,50,998.400095
-9.549818,-22.292112,8,50,1000.627835
-9.118217,-42.025188,32,50,1002.671745
-7.237219,-24.70336,8,50,1004.568658
-5.569638,-41.958415,35,50,1006.523511
-9.447952,-50.613609,33,50,1008.765574
-8.182713,-45.605316,36,50,1010.685482
-7.942983,-37.804946,33,50,1012.288716
-7.542068,-39.142441,29,50,1014.02867
-9.791582,-16.885147,5,50,1015.793681
-11.830818,-32.072858,25,50,1017.529062
-7.37936,-49.822282,36,50,1019.299512
-9.708798,-21.586063,5,50,1021.045743
-11.185642,-26.971308,10,50,1022.781368
-8.322775,-22.788254,11,50,1024.634202
-11.207833,-49.600197,36,50,1026.384874
-7.028452,-27.837124,15,50,1028.055929
-7.216423,-31.536659,23,50,1029.830673
-8.370136,-23.632329,10,50,1031.622619
-6.182472,-12.301347,5,50,1033.365531
-9.036371,-45.283104,35,50,1035.088749
-9.758262,-47.908567,38,50,1036.85061
-4.457462,-7.424499,0,50,1038.560664
-7.844036,-27.175446,15,50,1040.302583
-6.459468,-22.511536,15,50,1042.046346
-13.377507,-26.009772,14,50,1043.820644
-8.435227,-25.689469,12,50,1045.526297
-5.543386,-18.460254,9,50,1047.155998
-10.157603,-41.192327,34,50,1048.815082
-6.160477,-29.750683,23,50,1050.491418
-8.74435,-32.785222,21,50,1052.215489
-10.243412,-29.259194,12,50,1053.973399
-9.193922,-42.94866,34,50,1055.724531
-6.039311,-29.540386,23,50,1057.447196
-8.438472,-40.914316,32,50,1059.313946
-9.59248,-44.685997,35,50,1061.088909
-9.165462,-43.937592,33,50,1062.859931
-11.715522,-39.323334,29,50,1064.623332
-7.177071,-35.073773,26,50,1066.31864
-4.544313,-10.147676,4,50,1068.06327
-9.03987,-37.038437,27,50,1069.830493
-5.043225,-31.67682,19,50,1071.555304
-11.788975,-26.251219,15,50,1073.320472
-12.475618,-27.085425,17,50,1075.03848
-13.250875,-40.768566,27,50,1076.769341
-12.443462,-44.5216,30,50,1078.557705
-10.341396,-33.98799,24,50,1080.266952
-12.382626,-45.623644,26,50,1082.032317
-15.7324,-19.645439,10,50,1083.783988
-7.30073,-27.241493,16,50,1085.541235
-5.764742,-24.125713,14,50,1087.26846
-6.676496,-27.097217,15,50,1088.998129
-9.304088,-33.415991,17,50,1090.727845
-8.461783,-33.694252,21,50,1092.463655
-7.627662,-28.007501,12,50,1094.334678
-6.421029,-32.365626,23,50,1096.068138
-3.34288,-5.03743,0,50,1097.815047
-6.721491,-40.036492,23,50,1099.473984
-4.764648,-15.104596,11,50,1101.154563
-7.295173,-27.526704,16,50,1102.873939
-11.721905,-33.261963,33,50,1104.570835
-13.218535,-31.372262,21,50,1106.347967
-6.2075,-35.874819,23,50,1108.056509
-9.274939,-41.468017,33,50,1109.803427
-10.319537,-44.251011,38,50,1111.493545
-5.167862,-14.34305,6,50,1113.22911
-9.054821,-36.399509,23,50,1114.977084
-11.40291,-38.747221,30,50,1116.713372
-12.244085,-20.980445,6,50,1118.504175
-6.927616,-24.964984,15,50,1120.173531
-9.135479,-46.2977,37,50,1121.865814
-7.727393,-20.73602,11,50,1123.609661
-6.351944,-11.656388,5,50,1125.3123
-3.56286,-15.931749,10,50,1126.983483
-9.814906,-22.69232,4,50,1128.834712
-9.578839,-20.121925,9,50,1130.613587
-11.483705,-55.567619,35,50,1132.285114
-4.892449,-36.426489,30,50,1134.025965
-8.418694,-13.639757,9,50,1135.748556
-10.596627,-40.62196,35,50,1137.477536
-9.698261,-31.421713,19,50,1139.205661
-12.633487,-20.345097,4,50,1140.997152
-11.292429,-48.066106,38,50,1142.702754
-7.438034,-38.618391,25,50,1144.481019
-8.48469,-46.42474,38,50,1146.229891
-10.61579,-19.225344,8,50,1148.029219
-9.4987,-26.728016,10,50,1149.70454
-7.539525,-39.764346,22,50,1151.365515
-9.936798,-2.437164,0,50,1153.084072
-7.295002,-19.748224,8,50,1154.840775
-11.974882,-42.650002,37,50,1156.586975
-12.489148,-29.639536,13,50,1158.354295
-7.462626,-6.070569,0,50,1160.06102
-10.35225,-46.153836,39,50,1161.836492
-6.674307,-8.189942,3,50,1163.755294
-11.280028,-38.63452,18,50,1165.469072
-7.291518,-27.21899,20,50,1167.24372
-9.396739,-47.477135,40,50,1169.009722
-9.195714,-45.307147,37,50,1170.755057
-8.404039,-46.487141,38,50,1172.547979
-6.957843,-21.476804,11,50,1174.31595
-7.524713,-35.019784,26,50,1176.051344
-9.587946,-27.529745,12,50,1177.820546
-10.250207,-43.666426,38,50,1179.60077
-9.081407,-21.144421,9,50,1181.335774
-11.199838,-18.331573,10,50,1183.106566
-10.038728,-45.115205,37,50,1184.813561
-4.681773,-36.689035,26,50,1186.656941
-7.905094,-24.629484,16,50,1188.438788
-7.380607,-46.272559,38,50,1190.186323
-9.753509,-22.221979,14,50,1192.003587
-5.903857,-38.787867,34,50,1193.787805
-6.855966,-36.866195,28,50,1195.553337
-8.924729,-26.046196,11,50,1197.278077
-10.584391,-47.723736,40,50,1199.178813
-6.459156,-44.297332,35,50,1200.92325
-9.667187,-43.924096,39,50,1202.563962
-9.26761,-39.252303,28,50,1204.309394
-7.141719,-34.328653,30,50,1206.114113
-7.121272,-24.618595,16,50,1207.890199
-9.175816,-46.008988,39,50,1209.634593
-10.785194,-34.897258,20,50,1211.376104
-11.768581,-34.809419,22,50,1213.135113
-5.717239,-40.289304,33,50,1214.918721
-8.345739,-37.821779,27,50,1216.713229
-8.002749,-37.720377,37,50,1218.463956
-7.050475,-25.390606,13,50,1220.269492
-7.215214,-20.277011,8,50,1222.038102
-8.493206,-27.95313,14,50,1223.84359
-8.404114,-25.359226,13,50,1225.600039
-3.650217,-6.863969,0,50,1227.412627
-9.801673,-22.381043,12,50,1229.193233
-7.220652,-21.500455,10,50,1231.006223
-8.675115,-38.27378,24,50,1232.749435
-6.233275,-30.282055,18,50,1234.666047
-7.902307,-43.110337,33,50,1236.446925
-8.93818,-37.725802,38,50,1238.203876
-10.904665,-43.894103,40,50,1239.971325
-10.535545,-36.471306,25,50,1241.691908
-6.875382,-46.063204,37,50,1243.465319
-6.68565,-46.106486,37,50,1245.252555
-8.319158,-28.387937,5,50,1247.013989
-6.819829,-46.825443,39,50,1248.773962
-7.573103,-31.151402,12,50,1250.480387
-8.591432,-34.155409,19,50,1252.22048
-5.78686,-40.498722,27,50,1253.817309
-6.443768,-21.608881,9,50,1255.516728
-9.903478,-34.249274,18,50,1257.265394
-9.926731,-31.164125,16,50,1258.976117
-5.670428,-30.45352,19,50,1260.721448
-6.218269,-32.577658,18,50,1262.532434
-5.688152,-43.548327,34,50,1264.229455
-6.956685,-22.922037,9,50,1265.952586
-13.328559,-25.639146,13,50,1267.69465
-6.920917,-49.763642,40,50,1269.561371
-8.003865,-27.038532,10,50,1271.289678
-6.212396,-21.547996,10,50,1273.04199
-10.121547,-47.768434,40,50,1274.689324
-7.340248,-48.501089,40,50,1276.290778
-10.182456,-35.942646,21,50,1277.967474
-6.469853,-38.709637,28,50,1279.632407
-9.038991,-16.716938,8,50,1281.528311
-8.715377,-50.047058,39,50,1283.240484
-12.192746,-45.211074,37,50,1285.114895
-8.179731,-36.564578,20,50,1286.886683
-6.825163,-24.387563,12,50,1288.766127
-9.645292,-31.309865,15,50,1290.65423
-9.803745,-45.915749,32,50,1292.529451
-10.804426,-51.196634,41,50,1294.343388
-7.844455,-30.671333,17,50,1296.172015
-7.8885,-31.796693,18,50,1297.974201
-10.795479,-25.62711,12,50,1299.865178
-8.417972,-48.300856,38,50,1301.710639
-8.101675,-34.009594,21,50,1303.569612
-6.682753,-23.967294,13,50,1305.503989
-7.921733,-25.977828,12,50,1307.414643
-8.187238,-41.039177,36,50,1309.222742
-6.187199,-35.952589,27,50,1311.0694
-10.814131,-51.545504,41,50,1312.902953
-5.76679,-47.357992,39,50,1314.720303
-5.845005,-6.032339,2,50,1316.502616
-10.490758,-39.679925,32,50,1318.310344
-6.425679,-47.902342,39,50,1320.164627
-8.73115,-44.742029,37,50,1322.104269
-11.170962,-50.040025,41,50,1323.931392
-5.271041,-46.739591,39,50,1325.71826
-10.45734,-48.329979,39,50,1327.522812
-8.949,-31.231465,11,50,1329.45519
-10.829856,-30.120103,14,50,1331.607848
-5.538113,-38.320611,24,50,1333.518991
-10.017101,-39.488219,23,50,1335.388438
-8.609835,-19.242734,4,50,1337.466922
-7.959261,-53.501118,32,50,1339.344669
-10.219139,-15.12395,8,50,1341.19018
-9.43872,-48.693235,39,50,1343.18184
-12.274085,-46.33195,38,50,1345.033788
-8.027613,-50.624517,40,50,1347.431718
-5.946014,-19.723408,5,50,1349.271215
-8.887596,-43.153336,29,50,1351.12979
-9.181074,-45.136656,31,50,1352.927047
-6.263462,-25.859118,13,50,1355.507487
-8.981017,-36.963095,24,50,1357.334926
-5.503946,-34.748195,23,50,1359.146611
-7.495221,-29.963459,15,50,1360.890368
-9.259784,-50.558912,39,50,1362.930776
-10.254007,-59.421198,40,50,1365.190103
-5.539317,-44.290497,38,50,1366.962424
-12.220794,-23.967236,11,50,1368.755821
-5.134054,-48.64445,37,50,1370.513683
-10.715673,-45.108861,33,50,1372.431417
-7.960751,-46.56683,39,50,1374.838998
-7.615544,-37.123758,37,50,1376.650367
-6.761934,-22.818051,6,50,1378.455307
-7.766635,-47.387357,35,50,1380.227896
-4.436775,-1.830269,0,50,1382.591807
-6.138571,-21.244085,8,50,1384.688713
-8.236211,-35.650284,31,50,1386.482725
-6.520859,-17.972874,6,50,1388.305537
-7.28225,-27.195194,12,50,1390.271911
-4.419133,-51.354914,38,50,1392.566573
-10.343737,-60.934938,41,50,1394.374663
-9.324366,-52.568604,41,50,1396.176525
-11.94666,-27.58042,9,50,1398.10375
-6.769553,-29.386647,13,50,1400.372406
-12.453624,-38.027123,25,50,1402.367979
-8.553119,-51.253462,41,50,1404.211707
-7.477056,-30.751856,16,50,1406.029661
-5.527066,-42.749783,37,50,1408.043694
-7.945801,-36.036863,34,50,1410.284465
-7.307909,-36.860547,28,50,1412.258542
-8.586012,-41.188199,32,50,1414.039229
-6.900171,-21.78329,1,50,1416.024133
-7.708949,-27.701204,19,50,1418.067078
-5.396796,-35.887111,21,50,1420.286735
-8.757086,-20.578693,12,50,1422.255135
-6.015346,-45.06743,38,50,1424.220227
-5.199225,-51.648933,39,50,1426.429978
-7.321683,-52.74877,40,50,1428.44321
-12.996951,-17.313524,8,50,1430.284464
-6.484669,-19.280827,0,50,1432.210667
-6.9166,-34.0357,20,50,1434.386782
-6.089362,-27.000039,11,50,1436.485491
-5.202011,-21.106013,6,50,1438.326609
-8.213658,-30.859177,16,50,1440.197618
-6.577474,-36.670471,29,50,1442.088038
-9.884357,-19.086744,8,50,1444.319828
-9.217855,-53.767806,40,50,1446.293381
-11.089916,-57.472071,41,50,1448.150167
-11.944864,-57.80934,42,50,1450.011109
-8.331356,-30.21023,21,50,1451.94407
-8.665615,-54.429924,31,50,1454.200245
-9.332452,-43.776814,31,50,1456.084238
-9.740357,-41.753266,33,50,1457.908064
-4.885931,-47.439093,38,50,1459.79274
-9.798438,-52.38699,42,50,1462.104119
-6.838517,-31.063863,19,50,1464.206996
-5.873325,-28.398064,17,50,1466.077235
-4.495667,-4.972722,0,50,1467.942967
-10.530196,-55.459988,42,50,1470.242174
-8.820743,-49.573538,41,50,1472.190034
-6.71222,-43.484514,33,50,1473.968839
-3.526656,-44.721091,33,50,1475.987704
-11.631934,-36.366922,24,50,1478.295258
-9.317169,-50.152466,42,50,1480.164434
-7.679714,-27.265602,15,50,1481.978568
-10.721586,-57.065529,42,50,1484.184537
-5.841033,-50.101438,41,50,1486.39241
-7.360161,-24.375237,13,50,1488.27218
-6.185673,-27.086843,17,50,1490.198772
-3.493235,-42.848174,31,50,1492.370731
-11.948616,-52.105798,42,50,1494.50814
-5.77659,-44.507673,34,50,1496.305389
-6.955879,-31.096688,19,50,1498.247036
-7.574793,-44.103118,30,50,1500.545553
-10.268186,-39.782009,35,50,1502.80434
-7.144188,-44.649718,40,50,1504.582325
-10.510388,-49.143327,41,50,1506.457769
-4.613866,-49.204684,37,50,1508.801559
-7.626135,-47.839912,39,50,1510.767502
-11.969175,-39.580366,28,50,1512.538941
-7.222197,-50.340505,40,50,1514.487098
-4.294894,-39.991738,33,50,1516.789009
-7.130634,-38.6651,38,50,1518.76743
-6.636558,-25.555917,20,50,1520.528897
-6.335829,-32.947261,26,50,1522.364911
-11.766933,-37.689283,21,50,1524.604721
-8.726413,-44.629987,30,50,1526.660576
-8.135023,-40.969925,31,50,1528.434687
-8.352864,-39.872711,37,50,1530.242272
-7.346848,-27.257494,16,50,1532.396821
-8.750565,-48.991562,41,50,1534.512114
-6.59377,-45.594429,36,50,1536.312356
-5.933655,-30.702767,22,50,1538.13323
-8.088989,-49.876767,39,50,1540.301895
-8.320828,-31.380684,29,50,1542.633165
-8.319507,-50.64696,41,50,1544.44011
-5.864379,-45.083405,36,50,1546.281593
-7.248907,-48.890104,40,50,1548.543865
-11.57517,-51.235266,42,50,1550.640787
-5.510074,-44.905242,38,50,1552.494222
-9.902157,-36.991212,31,50,1554.514681
-3.384693,-39.398496,33,50,1556.726526
-8.608009,-30.104669,17,50,1558.744163
-11.170255,-28.74254,18,50,1560.594944
-6.527087,-29.833082,15,50,1562.499578
-4.464414,-38.914072,31,50,1564.782475
-7.917716,-33.173358,19,50,1566.823436
-4.216856,-41.779541,37,50,1568.689771
-9.750101,-49.80148,40,50,1570.820642
-8.427992,-33.515215,21,50,1573.07085
-6.013911,-40.895349,34,50,1574.88585
-8.800539,-48.245384,39,50,1576.727906
-6.315754,-37.590399,28,50,1578.893768
-8.403182,-50.853675,41,50,1581.13232
-13.578321,-32.752006,22,50,1583.217318
-14.19529,-23.712065,12,50,1585.0536
-2.640719,-44.414665,37,50,1587.234275
-8.870269,-36.82589,25,50,1589.458419
-2.892895,-37.865471,36,50,1591.325748
-9.03148,-48.968617,40,50,1593.21781
-6.379448,-44.243464,30,50,1595.528492
-6.382022,-47.186421,39,50,1597.580994
-2.930133,-36.576754,36,50,1599.418864
-11.278435,-47.672993,39,50,1601.404968
-5.349171,-11.973545,0,50,1603.676635
-8.467964,-35.551426,21,50,1605.719093
-4.625267,-43.869776,38,50,1607.557864
-7.522446,-42.69522,31,50,1609.561587
-10.902511,-39.337928,22,50,1611.825472
-5.408076,-46.421553,39,50,1613.854469
-5.863986,-48.231481,41,50,1615.695497
-7.148601,-32.797467,25,50,1617.70114
-6.121055,-43.95505,37,50,1619.976846
-9.534326,-39.417352,25,50,1622.137553
-12.418329,-39.445015,39,50,1624.193716
-4.75735,-41.407623,36,50,1626.117607
-6.500736,-48.163348,40,50,1628.379564
-8.390479,-36.013419,32,50,1630.448255
-7.045095,-48.207606,40,50,1632.278342
-5.490138,-43.543638,35,50,1634.22262
-6.006142,-41.883532,35,50,1636.397666
-4.606001,-47.12917,38,50,1638.480986
-12.232545,-46.899679,38,50,1640.350731
-8.139573,-43.286705,39,50,1642.311008
-10.830943,-48.195205,41,50,1644.501094
-5.747878,-35.009131,20,50,1646.482801
-7.536843,-18.442933,10,50,1648.348579
-9.091199,-47.970664,39,50,1650.476383
-8.983781,-36.850269,37,50,1652.710927
-11.408361,-47.712999,36,50,1654.582741
-7.103009,-48.456739,39,50,1656.415581
-8.508177,-47.892308,38,50,1658.663326
-7.281578,-46.152049,39,50,1660.800774
-4.696927,-48.254396,36,50,1662.667264
-4.618824,-48.479075,39,50,1664.889178
-7.988978,-48.526044,39,50,1667.08281
-8.877104,-46.662603,41,50,1669.192567
-11.008452,-49.443516,41,50,1671.030953
-5.00199,-36.624755,23,50,1673.126034
-7.297179,-40.735121,32,50,1675.416802
-12.078892,-51.693268,42,50,1677.417874
-7.97529,-51.241312,40,50,1679.276379
-6.015085,-39.639916,33,50,1681.262644
-8.699408,-41.246449,36,50,1683.264301
-6.595489,-43.959877,37,50,1685.510429
-5.937008,-41.731892,36,50,1687.502964
-4.301033,-43.522311,38,50,1689.37257
-11.2364,-51.886659,42,50,1691.3078
-10.338042,-42.202777,29,50,1693.495149
-10.530208,-36.437351,28,50,1695.656307
-7.003032,-31.904084,20,50,1697.539485
-8.729816,-38.966423,38,50,1699.369603
-9.305527,-35.560997,23,50,1701.400113
-11.719857,-46.349653,29,50,1703.604939
-10.748541,-39.841612,31,50,1705.709429
-10.13691,-49.433982,41,50,1707.564659
-10.039253,-38.184833,28,50,1709.73638
-7.754544,-36.692651,22,50,1711.987497
-9.258014,-51.764277,41,50,1713.860899
-12.828204,-19.171668,10,50,1715.779165
-8.884279,-44.246211,38,50,1717.424624
-7.027403,-37.954091,25,50,1719.140832
-11.836163,-46.747028,41,50,1720.88692
-5.215687,-46.402264,39,50,1722.590714
-7.145064,-7.445133,1,50,1724.375899
-9.931611,-33.434378,22,50,1726.116474
-7.486886,-45.508338,37,50,1727.887193
-5.360368,-39.652292,26,50,1729.597411
-5.566004,-33.171737,21,50,1731.34769
-10.443356,-42.579582,35,50,1733.146455
-5.043521,-37.124213,22,50,1734.857429
-7.398461,-34.750272,22,50,1736.56756
-9.027022,-47.106308,40,50,1738.307972
-5.299648,-49.674367,40,50,1740.051048
-5.857145,-48.115419,39,50,1741.955937
-6.858315,-37.873687,32,50,1743.60411
-8.496755,-48.458696,38,50,1745.268036
-9.651549,-47.944224,41,50,1746.971138
-9.958035,-45.02043,31,50,1748.737004
-9.556344,-49.664643,40,50,1750.50996
-8.073096,-39.810153,29,50,1752.315274
-9.738417,-48.680788,40,50,1753.999725
-6.262991,-48.257999,39,50,1755.869443
-4.539739,-36.370174,36,50,1757.725234
-4.558539,-24.278688,11,50,1759.580639
-7.750345,-41.454991,29,50,1761.363715
-5.980552,-48.681411,38,50,1763.156597
-6.644578,-32.30789,24,50,1764.98394
-10.603737,-48.008029,36,50,1766.842264
-5.116672,-29.905386,20,50,1768.626981
-7.462333,-40.15185,36,50,1770.473934
-5.331484,-44.791116,39,50,1772.316148
-5.887404,-40.721411,33,50,1774.139301
-9.988499,-49.046167,40,50,1775.976582
-9.88977,-43.855993,39,50,1777.9855
-7.455504,-46.15362,41,50,1779.819769
-10.081256,-50.32823,41,50,1781.692063
-11.354319,-52.547369,41,50,1783.541621
-5.834963,-30.801574,19,50,1785.424772
-5.097986,-2.639464,0,50,1787.291859
-9.141357,-44.647707,29,50,1789.173866
-7.888844,-49.792823,40,50,1791.069588
-8.017053,-43.040298,39,50,1792.797613
-3.863717,-9.77119,0,50,1794.627918
-8.745319,-49.461339,41,50,1796.520917
-9.909421,-48.918392,40,50,1798.405406
-11.405544,-46.360645,40,50,1800.22964
-6.555023,-22.431199,12,50,1801.993757
-10.639035,-9.127463,5,50,1803.835213
-11.80426,-45.839713,31,50,1805.695317
-9.04601,-11.444226,7,50,1807.513106
-5.042855,-44.890837,36,50,1809.238947
-9.875847,-42.73864,25,50,1810.940555
-9.301918,-41.137194,31,50,1812.837159
-10.530185,-50.381913,40,50,1814.768429
-5.634966,-49.673634,39,50,1816.581308
-4.42175,-42.641315,35,50,1818.460661
-7.752259,-41.219813,33,50,1820.297052
-6.70144,-30.285247,22,50,1822.123216
-5.091944,-48.587219,38,50,1823.951451
-6.09968,-34.3723,31,50,1825.779452
-8.156132,-39.334311,27,50,1827.771683
-8.473304,-46.120749,33,50,1829.591506
-12.804002,-50.996809,41,50,1831.362081
-6.129045,-38.805992,30,50,1833.136264
-11.385292,-46.679711,32,50,1835.374808
-6.059236,-31.831551,17,50,1837.18088
-6.895978,-6.553955,1,50,1838.982311
-6.330054,-41.19376,33,50,1840.797173
-5.964,-30.115935,19,50,1842.785274
-5.245028,-22.622278,15,50,1844.969383
-11.395903,-44.532316,38,50,1846.788608
-4.899815,-38.927357,29,50,1848.541887
-7.877832,-45.655541,38,50,1850.431551
-4.673742,-39.549863,24,50,1853.003818
-8.080175,-40.664797,35,50,1854.819438
-10.309745,-59.431602,40,50,1856.672664
-7.777054,-31.045817,23,50,1858.554298
-6.203753,-38.524919,28,50,1860.755786
-8.604045,-47.437709,39,50,1862.597792
-7.297168,-42.130415,32,50,1864.410186
-10.503077,-45.561139,35,50,1866.141213
-10.688055,-47.533437,38,50,1868.51583
-8.830104,-54.006931,38,50,1870.356629
-5.423714,-34.700443,21,50,1872.112711
-10.013506,-41.895636,30,50,1874.010581
-11.802438,-46.141603,36,50,1876.356128
-8.320026,-43.469041,26,50,1878.153167
-10.239022,-59.21087,40,50,1880.001829
-10.397327,-55.393936,42,50,1882.098872
-3.824612,-43.605287,37,50,1884.236267
-7.400352,-52.565523,39,50,1886.106293
-10.175127,-41.694867,28,50,1888.065995
-5.636698,-36.283235,24,50,1890.339673
-5.902385,-35.364118,31,50,1892.358844
-11.861856,-44.235708,35,50,1894.173208
-5.738902,-45.647176,35,50,1896.235496
-4.99329,-53.211685,37,50,1898.474228
-6.257555,-51.205109,39,50,1900.295236
-9.8788,-35.912484,26,50,1902.161207
-9.485496,-48.115389,34,50,1904.556859
-10.070506,-51.363804,41,50,1906.455137
-10.269787,-44.841091,36,50,1908.431659
-8.865141,-45.726638,31,50,1911.005883
-4.669361,-32.488017,21,50,1912.808048
-8.945489,-48.656728,37,50,1914.625598
-10.633374,-51.837999,42,50,1916.439801
-11.596123,-50.863764,42,50,1918.788946
-9.210208,-46.007635,39,50,1920.683736
-8.303245,-57.849836,39,50,1922.422121
-4.672232,-38.300656,24,50,1924.346877
-10.393455,-61.105265,41,50,1926.864544
-5.596462,-27.707871,15,50,1928.710529
-9.531064,-59.388426,40,50,1930.566752
-4.89061,-35.92,25,50,1932.828303
-6.721073,-42.490578,27,50,1935.079761
-6.069016,-24.642853,14,50,1936.910859
-7.423244,-31.214019,19,50,1938.744315
-5.873294,-45.767469,36,50,1941.168804
-5.375706,-47.733937,36,50,1943.005613
-5.857151,-26.907354,12,50,1944.919924
-5.152016,-40.137325,25,50,1947.449662
-7.48238,-45.809129,36,50,1949.2791
-6.483501,-31.698735,21,50,1951.128044
-5.173627,-44.554372,32,50,1953.492516
-7.587129,-43.754273,31,50,1955.377582
-8.703761,-45.653947,29,50,1957.268419
-7.305136,-58.436038,38,50,1959.318075
-4.280289,-46.736502,37,50,1961.447273
-10.080067,-44.863419,32,50,1963.233926
-11.535846,-54.033641,41,50,1965.124988
-9.142056,-10.44587,3,50,1967.20772
-9.553655,-28.465458,13,50,1969.253314
-7.08616,-47.142038,38,50,1971.167157
-5.621925,-42.957579,26,50,1973.307549
-7.034775,-57.190061,40,50,1975.417553
-8.861252,-40.453527,29,50,1977.240873
-11.657841,-52.915544,41,50,1978.980414
-8.721622,-49.815366,36,50,1980.99736
-5.211799,-41.192744,32,50,1982.975843
-10.770497,-34.069687,22,50,1984.83122
-6.602604,-38.885839,25,50,1986.679324
-8.246683,-34.990251,33,50,1988.780639
-9.789115,-52.972071,40,50,1990.682802
-10.098701,-40.838173,27,50,1992.554446
-6.964408,-50.159741,40,50,1994.477456
-9.091669,-48.411672,40,50,1996.549359
-8.004517,-48.714918,41,50,1998.369615
-6.78906,-37.703783,25,50,2000.204629
-7.940061,-47.079445,40,50,2002.222457
-6.614073,-21.118408,9,50,2004.333019
-7.890811,-42.724387,31,50,2006.22135
-7.809101,-45.071168,34,50,2008.138331
-6.574228,-51.641981,39,50,2010.166861
-6.216058,-56.680627,36,50,2012.412937
-6.771871,-44.422557,36,50,2014.259009
-12.471954,-42.475127,35,50,2016.220473
-6.051909,-46.455797,37,50,2018.378113
-5.588572,-48.047998,38,50,2020.367283
-5.956884,-13.809552,6,50,2022.263934
-8.979033,-42.586148,30,50,2024.437031
-4.348799,-44.154759,33,50,2026.511797
-8.508971,-40.151304,31,50,2028.360386
-6.071841,-44.980885,35,50,2030.24916
-7.490126,-54.38399,36,50,2032.412496
-6.457242,-52.495139,36,50,2034.289732
-6.675162,-46.348079,32,50,2036.004256
-7.723854,-51.992558,33,50,2037.838927
-7.612827,-44.587458,32,50,2040.053897
-9.239795,-55.933865,40,50,2042.091401
-9.578499,-44.66042,39,50,2044.011903
-10.940969,-49.82622,40,50,2045.985094
-11.079314,-42.834589,30,50,2048.180667
-5.813446,-23.9077,16,50,2050.05868
-10.156009,-43.665413,33,50,2052.079855
-5.043732,-41.457493,29,50,2054.206761
-6.863342,-44.467959,30,50,2056.237483
-8.796281,-43.381288,31,50,2058.084509
-9.70007,-47.997475,41,50,2059.926297
-8.608487,-50.554908,38,50,2061.952886
-5.165755,-39.711256,30,50,2064.012275
-8.507175,-49.084929,34,50,2065.843028
-9.021599,-32.853511,15,50,2067.787834
-9.313242,-31.219009,18,50,2069.789106
-13.65313,-32.675002,16,50,2071.999429
-6.699548,-37.861671,23,50,2073.872672
-9.644749,-33.245144,18,50,2075.797622
-5.502148,-15.372205,7,50,2077.738004
-16.677748,-44.573481,35,50,2079.901879
-6.758718,-39.994887,26,50,2081.845739
-9.665268,-39.13414,22,50,2083.729994
-6.986331,-41.478012,25,50,2085.856232
-8.479627,-42.255103,32,50,2087.981502
-6.49365,-38.342194,23,50,2089.82247
-12.509791,-32.627162,16,50,2091.851272
-11.354972,-41.843094,24,50,2093.967977
-7.0407,-23.471584,10,50,2095.869014
-5.167667,-43.135434,34,50,2097.72659
-10.381135,-38.1375,21,50,2099.871035
-5.553544,-33.317522,19,50,2101.926306
-12.910551,-49.527292,41,50,2103.835606
-10.738107,-38.417576,26,50,2105.764336
-7.053211,-44.577539,35,50,2108.006966
-10.656847,-48.50878,41,50,2110.001422
-4.816445,-28.928061,14,50,2111.847268
-9.367926,-43.571474,34,50,2113.760105
-8.308057,-48.043195,35,50,2115.973675
-5.712522,-43.591512,34,50,2117.911985
-14.973232,-41.859677,32,50,2119.735678
-10.328185,-49.090917,41,50,2121.651547
-8.095939,-34.502009,32,50,2123.766826
-10.755383,-43.252914,33,50,2125.78715
-7.254519,-36.077916,21,50,2127.689167
-6.647647,-17.023406,0,50,2129.617684
-6.883009,-48.906912,39,50,2131.97968
-6.971873,-59.723001,39,50,2133.879869
-6.611253,-43.220287,26,50,2135.716243
-4.533489,-45.375015,36,50,2137.813884
-8.525523,-46.862075,39,50,2139.933761
-9.086615,-39.721805,24,50,2141.813346
-8.133731,-46.53037,34,50,2143.734256
-6.951867,-44.248278,36,50,2145.882595
-6.910507,-33.572777,19,50,2147.800641
-7.731693,-29.128742,17,50,2149.682164
-6.847124,-43.260259,35,50,2151.571024
-6.086533,-33.37677,27,50,2153.728024
-3.682694,-36.030233,30,50,2155.614119
-6.397054,-48.308413,39,50,2157.459046
-5.069389,-35.545458,27,50,2159.684072
-5.142832,-44.373193,35,50,2161.728366
-7.688618,-38.575451,32,50,2163.572784
-9.024543,-21.827981,12,50,2165.496721
-7.476246,-25.988038,15,50,2167.703593
-10.448054,-47.458821,41,50,2169.67692
-8.149002,-48.501874,39,50,2171.753677
-10.772904,-50.837478,41,50,2173.894709
-6.580662,-32.320884,27,50,2176.002065
-4.998183,-48.105818,32,50,2177.90362
-5.350663,-38.320699,27,50,2179.978524
-6.760093,-48.836389,38,50,2182.064756
-5.410785,-30.356997,12,50,2183.90617
-7.742269,-34.872567,33,50,2185.813562
-5.798024,-38.759865,27,50,2188.053665
-5.909508,-46.003471,36,50,2190.170832
-7.492285,-37.229117,39,50,2192.088002
-12.154677,-35.279153,27,50,2194.020733
-5.005017,-30.428528,18,50,2196.198457
-9.608769,-48.488499,40,50,2198.081707
-8.394574,-47.012105,41,50,2199.96463
-5.761296,-32.484188,26,50,2202.155569
-7.74722,-10.00606,2,50,2204.228019
-11.545619,-44.101878,38,50,2206.114578
-6.650806,-9.189399,1,50,2208.017253
-9.805395,-43.979755,34,50,2210.113455
-8.118919,-43.375177,37,50,2212.376298
-6.505665,-54.758384,38,50,2214.295585
-6.69199,-52.05056,38,50,2216.53549
-10.094887,-49.514536,40,50,2218.578099
-7.827391,-48.759905,40,50,2220.387386
-6.536531,-44.732416,32,50,2222.413455
-10.66303,-43.857214,32,50,2224.609267
-8.277628,-47.216265,40,50,2226.516631
-12.514856,-45.022197,35,50,2228.393398
-4.989188,-35.059383,30,50,2230.601572
-8.354632,-43.619283,31,50,2232.646676
-4.409462,-40.568045,32,50,2234.548161
-4.659279,-37.786094,37,50,2236.560065
-8.321768,-34.913668,33,50,2238.784956
-6.742256,-54.139865,39,50,2240.65495
-4.136958,-37.776251,35,50,2242.485682
-5.393976,-24.642646,0,50,2244.732313
-3.896121,-28.983359,12,50,2246.856793
-9.423964,-40.690701,25,50,2248.703481
-11.061206,-39.225062,34,50,2250.639864
-12.49128,-39.196304,27,50,2253.114736
-8.620974,-41.475893,37,50,2255.06412
-5.109587,-36.653343,25,50,2256.919664
-9.745075,-50.10241,41,50,2258.953695
-8.653023,-33.96072,18,50,2261.222175
-4.973502,-46.902109,35,50,2263.088361
-9.449569,-40.016922,27,50,2264.948017
-7.198379,-31.835007,24,50,2266.924511
-6.826462,-44.847585,27,50,2269.162619
-9.599955,-44.409511,27,50,2271.04238
-9.617656,-52.358034,40,50,2272.912128
-9.072112,-24.185322,11,50,2275.144379
-9.714872,-45.967937,40,50,2277.168507
-8.062578,-46.869926,37,50,2279.030263
-10.172176,-35.609539,25,50,2280.952189
-7.995666,-40.630102,30,50,2283.161908
-8.196356,-36.546328,27,50,2285.195856
-4.976215,-31.401478,16,50,2287.083229
-9.367914,-38.998633,41,50,2288.952275
-9.540851,-38.386423,23,50,2291.115414
-4.670491,-49.591256,36,50,2293.281961
-14.001308,-40.293357,24,50,2295.1109
-7.847107,-23.678143,16,50,2297.346937
-10.503564,-39.237345,27,50,2299.509867
-5.864868,-38.321817,25,50,2301.351053
-14.654957,-28.35327,18,50,2303.257683
-9.832563,-41.15349,41,50,2305.495589
-9.101692,-42.20463,39,50,2307.459092
-10.383708,-43.097825,28,50,2309.338885
-6.181105,-37.098445,37,50,2311.451344
-9.44052,-47.880229,34,50,2313.585132
-9.623674,-34.126913,20,50,2315.479586
-9.544669,-44.089147,29,50,2317.484697
-8.394808,-30.936847,15,50,2319.613274
-8.394236,-40.466971,34,50,2321.617499
-6.252749,-33.847093,32,50,2323.380518
-11.019284,-41.2355,39,50,2325.438931
-4.855328,-32.058887,16,50,2327.622466
-4.523054,-44.896283,38,50,2329.484475
-6.135019,-45.34141,37,50,2331.377226
-8.852929,-45.13442,33,50,2333.813514
-5.270393,-30.996452,19,50,2335.842884
-4.975904,-39.62268,28,50,2337.709313
-8.357832,-41.581157,26,50,2339.828014
-7.188105,-26.858432,14,50,2342.048506
-13.084268,-41.85257,40,50,2343.949295
-8.790056,-54.516191,38,50,2345.92493
-10.11181,-31.698549,18,50,2348.079275
-5.042067,-25.420728,14,50,2350.139715
-8.720273,-48.399338,34,50,2352.013217
-6.62268,-33.513507,16,50,2353.996888
-4.953869,-34.640988,25,50,2356.227919
-10.468649,-23.67711,14,50,2358.115746
-4.470159,-41.611138,35,50,2359.996657
-9.157009,-43.795883,40,50,2362.307571
-12.565019,-34.30846,21,50,2364.37348
-7.211779,-49.832352,33,50,2366.265368
-10.032382,-50.35963,40,50,2368.275813
-11.018793,-42.850983,37,50,2370.469356
-8.003179,-40.991094,26,50,2372.365605
-5.748289,-39.579556,29,50,2374.486626
-8.534245,-34.017659,31,50,2376.637548
-5.77366,-50.776144,34,50,2378.707261
-6.179487,-39.727007,25,50,2380.435316
-3.369432,-21.549288,11,50,2382.249632
-7.073746,-52.134193,30,50,2384.54407
-9.808643,-41.56159,41,50,2386.487734
-8.904074,-30.806554,19,50,2388.359246
-6.940733,-37.594088,24,50,2390.527209
-8.785695,-38.410298,39,50,2392.698708
-5.017648,-55.677231,33,50,2394.586629
-8.431762,-55.635743,39,50,2396.464282
-6.865404,-24.697064,13,50,2398.614307
-10.312605,-38.24592,30,50,2400.312638
-10.420584,-52.282802,35,50,2402.072179
-13.302458,-44.494322,35,50,2403.866705
-9.499842,-35.535422,14,50,2405.612635
-9.131584,-33.757196,18,50,2407.397835
-4.521434,-35.015187,34,50,2409.212541
-6.858985,-56.562339,36,50,2410.937263
-7.160763,-53.338789,33,50,2412.964136
-5.223414,-55.635533,34,50,2414.694102
-6.761717,-58.623364,37,50,2416.453052
-6.284655,-43.710738,26,50,2418.211303
-7.37927,-62.339714,37,50,2419.984483
-7.51456,-62.941484,38,50,2421.768982
-11.51737,-56.931361,37,50,2423.507967
-9.330628,-37.178588,18,50,2425.245091
-9.753071,-50.501411,30,50,2427.077201
-8.073682,-38.791672,30,50,2428.83339
-8.628043,-49.643005,34,50,2430.644172
-4.444867,-54.558074,35,50,2432.425032
-9.723617,-40.868288,41,50,2434.154103
-5.246835,-35.491967,36,50,2435.72144
-5.309795,-57.381112,36,50,2437.446531
-8.483208,-28.986207,17,50,2439.260796
-6.851224,-48.141114,30,50,2441.050373
-7.637488,-57.391628,39,50,2442.818056
-8.549148,-40.554584,26,50,2444.603192
-5.008611,-36.963974,30,50,2446.403696
-6.102313,-43.077444,25,50,2448.37999
-4.196219,-15.970324,8,50,2450.166752
-7.768617,-52.015134,36,50,2451.995946
-5.514286,-36.308406,35,50,2453.741925
-7.106196,-38.017093,39,50,2455.521504
-3.860684,-43.666475,33,50,2457.363752
-6.48018,-41.940787,31,50,2459.042162
-7.145558,-46.041463,35,50,2460.860144
-5.014986,-35.966998,22,50,2462.660243
-7.602812,-36.79107,26,50,2464.471349
-10.416913,-39.385383,24,50,2466.346219
-8.461497,-51.201153,31,50,2468.165598
-9.817044,-36.324833,21,50,2470.034548
-8.51722,-41.885729,25,50,2471.882218
-6.184989,-53.123894,33,50,2473.714868
-8.554582,-45.975892,31,50,2475.537481
-5.846929,-39.465181,23,50,2477.370181
-10.229429,-45.434275,41,50,2479.201053
-9.994077,-47.93251,29,50,2481.015256
-11.830309,-57.107605,35,50,2482.775066
-8.691166,-26.898646,15,50,2484.835483
-6.414071,-28.797283,21,50,2486.615386
-4.886421,-39.325067,29,50,2488.224038
-4.29292,-0.955495,0,50,2490.049012
-7.471175,-34.353114,31,50,2491.831147
-9.152982,-41.930052,42,50,2493.607432
-10.501018,-44.298758,42,50,2495.483308
-5.799062,-33.963262,34,50,2497.343966
-9.192531,-43.020051,42,50,2499.17214
-7.135315,-51.977103,32,50,2501.071354
-5.467715,-52.04513,30,50,2502.855098
-9.410079,-30.002859,14,50,2504.751167
-6.31319,-27.571944,14,50,2506.625896
-7.17282,-34.491727,31,50,2508.485681
-13.790264,-49.649417,31,50,2510.370313
-9.264557,-34.613991,25,50,2512.251242
-4.292629,-3.923927,0,50,2514.095493
-10.021445,-40.923223,25,50,2515.996124
-9.795745,-30.350033,10,50,2517.899692
-8.738069,-40.381365,41,50,2519.783593
-7.727893,-57.240996,34,50,2521.86935
-8.777239,-48.495688,34,50,2523.783098
-11.068144,-51.994397,29,50,2525.695579
-7.115084,-54.230286,37,50,2527.576227
-9.184222,-49.213029,35,50,2529.460125
-6.394678,-34.957555,21,50,2531.412649
-11.018838,-36.532905,22,50,2533.329286
-5.754356,-32.993664,21,50,2535.259206
-6.625078,-45.386111,33,50,2537.211295
-10.442758,-43.015902,26,50,2539.044683
-6.202107,-50.45333,36,50,2540.937186
-5.241818,-30.471992,22,50,2542.878944
-5.220803,-23.846855,14,50,2544.738203
-8.307497,-37.142044,22,50,2546.617922
-10.71388,-35.926424,22,50,2548.555077
-8.899747,-34.713135,32,50,2550.545081
-4.448147,-45.50638,32,50,2552.534502
-8.36173,-29.559839,12,50,2554.506158
-6.012066,-30.477104,28,50,2556.476149
-4.817974,-45.899281,28,50,2558.444262
-4.107714,-45.300129,32,50,2560.595814
-5.596479,-32.619105,31,50,2562.530472
-8.438209,-35.095915,34,50,2564.547277
-8.822183,-42.805136,40,50,2566.586261
-7.762004,-27.045788,13,50,2568.57022
-3.145076,-17.729918,3,50,2570.487921
-11.554666,-49.505246,37,50,2572.444379
-10.030078,-54.606908,41,50,2574.412691
-10.892933,-43.514948,43,50,2576.601351
-5.470333,-33.999307,27,50,2578.661318
-5.78598,-38.580762,26,50,2580.782643
-11.132976,-30.930988,19,50,2582.864472
-6.885552,-30.509336,12,50,2585.022629
-8.682388,-44.172463,27,50,2587.17419
-9.378579,-30.297542,15,50,2589.330485
-9.660635,-43.827941,26,50,2591.36179
-7.795679,-35.193381,23,50,2593.40785
-7.589421,-34.960752,34,50,2595.478339
-5.038551,-21.257397,4,50,2597.510913
-5.694752,-36.708204,29,50,2599.62526
-11.248804,-46.621985,42,50,2601.854285
-6.14849,-23.975116,12,50,2603.940623
-9.079481,-44.997606,34,50,2605.987389
-5.444853,-47.94342,36,50,2608.096586
-9.702801,-48.471232,40,50,2610.192769
-8.334613,-35.770751,27,50,2612.213604
-8.527279,-26.15828,9,50,2614.315133
-4.971899,-34.000055,31,50,2616.427254
-5.196147,-37.593526,37,50,2618.461028
-4.889512,-30.097882,6,50,2620.635356
-7.874373,-44.720179,31,50,2622.638294
-9.308088,-35.594191,28,50,2624.701945
-4.924701,-48.921757,35,50,2626.875133
-11.978813,-51.429973,42,50,2628.950011
-6.055666,-40.470807,25,50,2631.03956
-7.620546,-42.48493,34,50,2633.219943
-9.869767,-43.039646,40,50,2635.217989
-7.076953,-30.923605,17,50,2637.250739
-6.178922,-31.529153,29,50,2639.368284
-9.124007,-56.414914,36,50,2641.450357
-9.685112,-44.472893,36,50,2643.690195
-5.796405,-47.629851,31,50,2645.886236
-5.150746,-31.223548,16,50,2647.968186
-9.088949,-45.023872,32,50,2650.0468
-8.608102,-21.581535,12,50,2652.293787
-6.530494,-28.78798,6,50,2654.331414
-11.7121,-52.789884,35,50,2656.362891
-7.093988,-47.555452,35,50,2658.770607
-4.511671,-50.329573,34,50,2661.044088
-3.973053,-2.752663,0,50,2663.097925
-12.092017,-39.699167,21,50,2665.276068
-12.084532,-63.022488,39,50,2667.815791
-3.79734,-10.546101,0,50,2669.942411
-11.439211,-51.931051,39,50,2672.215506
-7.166845,-41.505727,32,50,2674.70055
-7.109044,-6.292253,0,50,2676.742809
-10.292554,-44.658749,31,50,2678.97682
-6.36938,-53.421066,33,50,2681.474877
-8.726598,-39.775605,41,50,2683.504329
-9.225533,-33.643254,17,50,2685.839973
-10.567454,-53.266422,40,50,2688.495562
-5.880063,-43.127162,32,50,2690.595368
-8.735408,-24.617386,12,50,2693.046863
-5.444155,-43.90833,27,50,2695.293812
-4.700116,-26.659406,0,50,2697.321933
-11.625162,-46.694834,31,50,2699.601554
-5.050906,-2.611985,0,50,2701.822621
-12.852936,-46.003385,34,50,2703.885909
-6.785206,-55.814426,35,50,2706.187924
-4.842461,-41.973766,29,50,2708.327528
-7.351909,-13.934429,5,50,2710.51076
-9.745768,-45.703247,24,50,2712.861267
-7.246672,-42.970238,31,50,2714.972981
-8.803642,-62.984293,37,50,2717.415713
-3.177884,-19.875782,8,50,2719.574192
-8.170621,-43.533815,36,50,2721.736057
-10.41635,-45.052878,29,50,2724.132673
-7.147866,-38.193711,25,50,2726.227469
-4.903052,-27.551279,5,50,2728.560383
-8.920759,-44.976308,34,50,2730.804429
-10.934439,-47.609987,36,50,2733.172736
-5.928443,-25.513692,19,50,2735.547789
-7.024228,-40.752285,32,50,2737.901456
-9.447606,-51.993672,38,50,2740.043534
-8.923498,-41.052576,41,50,2742.532701
-11.23041,-49.7089,40,50,2744.719543
-6.550942,-46.640093,26,50,2746.769058
-6.032178,-27.001928,21,50,2749.306273
-6.553487,-41.461812,33,50,2751.384812
-7.755464,-39.610557,29,50,2753.446942
-6.580478,-23.292521,0,50,2756.183812
-6.058201,-26.258292,10,50,2758.278792
-11.089746,-55.795461,40,50,2760.440319
-4.739482,-38.316238,33,50,2762.990367
-6.987572,-49.2022,31,50,2765.04317
-9.976432,-38.466313,22,50,2767.23474
-10.859092,-47.704711,35,50,2769.743145
-4.976746,-30.065092,12,50,2771.818674
-6.292055,-46.681363,35,50,2774.248175
-4.852329,-36.483905,26,50,2776.57135
-5.760988,-53.63993,37,50,2779.003269
-9.296923,-30.389544,17,50,2781.737928
-10.768882,-44.440677,40,50,2783.878846
-5.451261,-35.277933,35,50,2786.178776
-7.823614,-52.10048,37,50,2788.657363
-9.927514,-31.631238,17,50,2790.814904
-6.922619,-53.574474,38,50,2793.263608
-3.593486,-36.796053,35,50,2795.519393
-9.541737,-42.801968,26,50,2797.674322
-8.489401,-48.728528,39,50,2800.233554
-6.581389,-51.987049,35,50,2802.29406
-12.018355,-53.557958,36,50,2804.568079
-7.818928,-28.604793,15,50,2807.044561
-11.282905,-24.831525,10,50,2809.108269
-6.805222,-50.41145,37,50,2811.466425
-10.674114,-45.166823,36,50,2813.7803
-4.504366,-33.988457,31,50,2815.89785
-10.411322,-43.961484,33,50,2818.520314
-7.474882,-22.437893,12,50,2820.645404
-7.132016,-34.23253,29,50,2822.754911
-7.781152,-30.006262,3,50,2825.525668
-5.844812,-28.080064,21,50,2827.641873
-10.165828,-40.564193,30,50,2830.070469
-4.344478,-30.507619,15,50,2832.352172
-6.519058,-53.197408,35,50,2834.392372
-8.645805,-51.276016,41,50,2837.08946
-10.483164,-49.357467,37,50,2839.205779
-3.910837,-44.152338,35,50,2841.62022
-9.844106,-49.521507,40,50,2844.09852
-5.332399,-50.613884,32,50,2846.262785
-8.410386,-50.542974,40,50,2848.84169
-4.867843,-32.19839,30,50,2851.035951
-4.973181,-49.611092,35,50,2853.308583
-13.770624,-59.269732,39,50,2855.823572
-7.242222,-51.185315,36,50,2857.975579
-11.86868,-22.007107,11,50,2860.455363
-9.001438,-22.338119,11,50,2862.736787
-7.841297,-30.062951,14,50,2864.973658
-9.053426,-38.696344,28,50,2867.527591
-13.738096,-42.565876,26,50,2869.692293
-7.470553,-40.68253,33,50,2872.378101
-10.734937,-50.393975,35,50,2874.615858
-5.809878,-42.437733,35,50,2876.669177
-10.378426,-46.477496,35,50,2879.375936
-3.813897,-36.448992,31,50,2881.507217
-7.042499,-42.020437,26,50,2883.698343
-6.059351,-41.647843,34,50,2886.227527
-12.825082,-30.471745,17,50,2888.325077
-6.363558,-35.84353,32,50,2890.886312
-6.47354,-42.113534,32,50,2893.178579
-7.742049,-52.136925,39,50,2895.312915
-6.675406,-50.962551,40,50,2897.8795
-12.233382,-52.759605,42,50,2900.058483
-13.290525,-60.651025,40,50,2902.594678
-8.613105,-53.122136,34,50,2904.964562
-13.229094,-56.416307,39,50,2907.161567
-12.133179,-46.127297,32,50,2909.889134
-9.837459,-31.38186,16,50,2912.065661
-5.089234,-44.876688,31,50,2914.308083
-4.895106,-27.130588,0,50,2916.749355
-10.377012,-40.460992,25,50,2919.147976
-6.02338,-46.166126,37,50,2921.919817
-4.239278,-33.743252,25,50,2924.036952
-5.792052,-31.566124,19,50,2926.392704
-6.889861,-45.77829,36,50,2928.861039
-10.159446,-45.534559,36,50,2930.97948
-6.222833,-31.30185,26,50,2933.258308
-7.632749,-42.39184,33,50,2935.782403
-7.580257,-8.324656,3,50,2937.961316
-3.683172,-31.650508,21,50,2940.517314
-5.8185,-32.955142,26,50,2942.853557
-7.274721,-37.536262,26,50,2944.883097
-10.764237,-26.729614,12,50,2947.453299
-11.63065,-51.959422,41,50,2949.549221
-6.677825,-44.451445,36,50,2951.849331
-6.863185,-48.203037,39,50,2954.483632
-5.280765,-36.540622,26,50,2956.625736
-8.073684,-54.812251,40,50,2959.261886
-7.448426,-51.316379,40,50,2961.46792
-9.840878,-48.349669,39,50,2963.584076
-7.910399,-49.8067,35,50,2966.533376
-9.817612,-38.724254,24,50,2968.668993
-9.083079,-50.439028,40,50,2970.867334
-8.011135,-42.37703,32,50,2973.57177
-5.663077,-48.697899,35,50,2975.677411
-9.342082,-50.684048,41,50,2978.251006
-6.73362,-46.008448,39,50,2980.644441
-9.55105,-52.187493,41,50,2982.68679
-5.736931,-40.591932,26,50,2985.354286
-5.410154,-40.349652,39,50,2987.468596
-9.02804,-23.490474,10,50,2989.699913
-5.160003,-32.635948,24,50,2992.211312
-6.669114,-32.257252,27,50,2994.360617
-6.272157,-29.742494,11,50,2996.961673
-4.948906,-49.212917,37,50,2999.270212
-7.785296,-42.197007,28,50,3001.427707
-5.20486,-28.660709,21,50,3004.132801
-6.821356,-41.724215,33,50,3006.320126
-11.156307,-18.532054,11,50,3008.836164
-8.932389,-52.34774,39,50,3011.057839
-7.424284,-28.027283,5,50,3013.436509
-6.448501,-52.754891,38,50,3015.998249
-4.653571,-34.093608,26,50,3018.157481
-4.007159,-36.704369,33,50,3020.764619
-4.548817,-34.228931,28,50,3023.114199
-5.514768,-55.687402,39,50,3025.336827
-12.018209,-29.794825,12,50,3027.97042
-4.580561,-36.066595,25,50,3030.123225
-5.222641,-31.359795,23,50,3032.582974
-12.183171,-57.945151,42,50,3034.92197
-8.847359,-35.689043,40,50,3037.039542
-6.523451,-52.372139,35,50,3039.621456
-5.306696,-37.784653,27,50,3041.708851
-11.820233,-42.18285,32,50,3043.89784
-11.572957,-46.585494,32,50,3046.465594
-7.808589,-14.516736,5,50,3048.623318
-12.624592,-30.219523,13,50,3051.186538
-5.331992,-30.878426,25,50,3053.494583
-4.84506,-38.672421,32,50,3055.58989
-4.569661,-49.270098,34,50,3058.186755
-4.844796,-35.62056,29,50,3060.534528
-6.346684,-42.517574,40,50,3063.070295
-10.580588,-46.010064,36,50,3065.441678
-7.363594,-26.768504,9,50,3067.635957
-5.195309,-51.956773,36,50,3070.335558
-7.937553,-40.181817,29,50,3072.4616
-9.229031,-44.805943,35,50,3074.920335
-9.451451,-51.061085,32,50,3077.346558
-13.872718,-38.173318,29,50,3079.401279
-9.345177,-35.031824,22,50,3082.110453
-6.284555,-23.048702,19,50,3084.262227
-13.128942,-32.464602,27,50,3086.681378
-6.327569,-34.442564,22,50,3089.25773
-6.578709,-37.974996,30,50,3091.391957
-4.238987,-33.676772,26,50,3094.086159
-4.985642,-25.142997,20,50,3096.293724
-7.53021,-48.93708,41,50,3098.515317
-8.657818,-23.265329,12,50,3101.116776
-5.236895,-24.544468,16,50,3103.242218
-7.055312,-20.146808,8,50,3105.860807
-14.413281,-36.264194,29,50,3108.372805
-11.791087,-30.722534,22,50,3110.463412
-6.532577,-44.773702,37,50,3113.056412
-6.790415,-44.263356,39,50,3115.125078
-11.148684,-47.572604,40,50,3117.374182
-8.288632,-36.95179,24,50,3119.824837
-7.80212,-32.390804,14,50,3121.952424
-6.445932,-34.018459,34,50,3124.522851
-5.545396,-30.003368,13,50,3126.779786
-11.179032,-42.633204,28,50,3129.094089
-4.940426,-35.440517,23,50,3131.64306
-5.307885,-39.332111,26,50,3133.83684
-5.414565,-31.227984,16,50,3136.511464
-11.14201,-48.534958,42,50,3138.714721
-8.530089,-45.87317,41,50,3140.963697
-4.428238,-29.787951,20,50,3143.544938
-4.657055,-49.463622,34,50,3145.69702
-3.370309,-10.902131,5,50,3148.284152
-5.351867,-26.190266,15,50,3150.573904
-5.019214,-32.187585,20,50,3152.725371
-4.718431,-16.258683,0,50,3155.592856
-4.364141,-30.681025,18,50,3157.758283
-10.767977,-36.094301,21,50,3160.40666
-4.899893,-17.042015,10,50,3162.608421
-7.417895,-30.715391,23,50,3164.9489
-5.503187,-35.575071,15,50,3167.470358
-8.330745,-46.684325,39,50,3169.643492
-5.80604,-33.583734,16,50,3172.403594
-6.874119,-38.972802,30,50,3174.605666
-8.748094,-50.275239,32,50,3176.782307
-4.137195,-20.588796,12,50,3179.436273
-5.502426,-29.00249,10,50,3181.566441
-9.258461,-23.873744,13,50,3184.117574
-7.093998,-46.764124,36,50,3186.427697
-4.133425,-28.233214,15,50,3188.553707
-6.951393,-38.27368,23,50,3191.080822
-6.038513,-50.016695,34,50,3193.326148
-10.926762,-48.583934,41,50,3195.182953
-5.800477,-26.896473,5,50,3197.18246
-14.164083,-40.301542,31,50,3199.12253
-5.940245,-47.824163,31,50,3201.347647
-5.03683,-51.72919,36,50,3203.344845
-6.706779,-48.052192,36,50,3205.357167
-10.175804,-49.864175,41,50,3207.333145
-6.849387,-43.172854,31,50,3209.323719
-6.191107,-17.827891,0,50,3211.23359
-6.809169,-47.931164,37,50,3213.202644
-7.321375,-38.76516,24,50,3215.161826
-5.928621,-49.202471,34,50,3217.117897
-5.153596,-28.138208,18,50,3219.115733
-9.156249,-33.646958,29,50,3221.135072
-11.8408,-33.132194,20,50,3223.139076
-6.922987,-31.13414,9,50,3225.120604
-5.57436,-35.405499,24,50,3227.005125
-4.75192,-33.18726,22,50,3228.938504
-7.053306,-11.930341,0,50,3230.798323
-6.038174,-28.990252,5,50,3232.622516
-7.71726,-29.108321,20,50,3234.570772
-10.207245,-52.869108,41,50,3236.69783
-5.09546,-37.197127,28,50,3238.819397
-7.51795,-49.009319,37,50,3241.163779
-7.554337,-14.421154,6,50,3243.332318
-7.933218,-42.116524,36,50,3245.447466
-5.176712,-36.576561,27,50,3247.649978
-9.991384,-51.389444,39,50,3249.746698
-5.940595,-39.728357,34,50,3251.798534
-7.29476,-47.573446,31,50,3253.942069
-5.071527,-7.723618,3,50,3256.05999
-5.769674,-21.635886,11,50,3258.198736
-11.890396,-48.652175,39,50,3260.408702
-10.80403,-48.11784,39,50,3262.497523
-7.06472,-39.685623,26,50,3264.579792
-5.223618,-36.332001,31,50,3266.87237
-10.227357,-47.311931,40,50,3268.962889
-3.701433,-21.193067,14,50,3271.030375
-5.983039,-31.848918,20,50,3273.226192
-9.64421,-50.655929,37,50,3275.333427
-6.401136,-33.689205,23,50,3277.428924
-8.324569,-41.714228,38,50,3279.524775
-5.204015,-30.002906,20,50,3281.741012
-7.228161,-42.865792,38,50,3284.077722
-9.341871,-46.882395,41,50,3286.236343
-7.1977,-40.360279,29,50,3288.446641
-8.855195,-53.101344,38,50,3290.552976
-4.91724,-41.900322,29,50,3292.682455
-8.662984,-42.702817,28,50,3294.834473
-5.00439,-25.545919,11,50,3296.949402
-7.920823,-35.722582,14,50,3298.959155
-5.467301,-27.521549,5,50,3301.313379
-5.980293,-30.043546,19,50,3303.355681
-10.24742,-48.601213,37,50,3305.43603
-4.653471,-31.158334,12,50,3307.739914
-12.151745,-44.594384,36,50,3310.041735
-9.991817,-41.601112,36,50,3312.062198
-4.707326,-28.138312,19,50,3314.031321
-7.279546,-54.512651,36,50,3316.532192
-10.156655,-50.302472,31,50,3318.804487
-6.824564,-28.562088,6,50,3320.932411
-6.677512,-28.791604,22,50,3323.366589
-8.220937,-64.28319,38,50,3325.70927
-4.505553,-39.496651,30,50,3327.978018
-8.550877,-42.510221,31,50,3330.468414
-7.134326,-49.602259,39,50,3332.796698
-8.444526,-43.670561,22,50,3334.890234
-4.541046,-38.763211,27,50,3336.871486
-6.177853,-33.393165,28,50,3339.520032
-13.072279,-41.372309,34,50,3341.605449
-10.381145,-40.874675,25,50,3343.642294
-6.37678,-36.850647,22,50,3345.957524
-6.602379,-58.322483,38,50,3348.294836
-5.56957,-29.72005,8,50,3350.408781
-12.134774,-45.420078,31,50,3352.796008
-6.545026,-29.426253,4,50,3355.145064
-7.723498,-27.940147,4,50,3357.196252
-5.721907,-42.119077,30,50,3359.641572
-11.030077,-20.260178,8,50,3362.012537
-9.233338,-53.65855,41,50,3364.09057
-5.625539,-26.87985,15,50,3366.119101
-4.845196,-35.545163,22,50,3368.742403
-5.964076,-38.231133,29,50,3370.808732
-4.756327,-36.596351,26,50,3373.089966
-5.253637,-46.348405,36,50,3375.425607
-4.974536,-39.210801,30,50,3377.944236
-7.338658,-43.732466,31,50,3379.976003
-10.819658,-51.295133,40,50,3382.016219
-8.637119,-44.167636,34,50,3384.201823
-8.675762,-44.271727,40,50,3386.741056
-9.61599,-37.022411,29,50,3388.744021
-6.060809,-36.789542,20,50,3390.725391
-5.248664,-30.765875,26,50,3393.019338
-6.115757,-41.217244,31,50,3395.465742
-4.625379,-28.963559,16,50,3397.594165
-7.972752,-40.732695,31,50,3399.911162
-8.321714,-37.805054,23,50,3402.437315
-6.61192,-43.179485,33,50,3404.528201
-6.864404,-45.265517,28,50,3406.518147
-6.868831,-41.057984,26,50,3409.10693
-7.618657,-35.650224,13,50,3411.316156
-11.799033,-37.865912,24,50,3413.359334
-7.00294,-45.032796,31,50,3415.681177
-6.692504,-28.835653,12,50,3418.433141
-4.08921,-49.523842,32,50,3420.59412
-4.77668,-24.746427,16,50,3422.848225
-6.651505,-41.168283,26,50,3425.339106
-8.804696,-38.472725,33,50,3427.429472
-5.522523,-43.934094,33,50,3429.658976
-8.323425,-55.260991,41,50,3432.229398
-7.158581,-26.409096,5,50,3434.325094
-9.000823,-41.733983,34,50,3436.361032
-5.593504,-43.222269,30,50,3438.908772
-6.004633,-45.245077,31,50,3441.155785
-4.666463,-28.836188,16,50,3443.215254
-4.504294,-47.278273,34,50,3445.492062
-6.903787,-41.706031,41,50,3448.059546
-7.675214,-41.272456,32,50,3450.134961
-9.30256,-37.01681,21,50,3452.186217
-5.788066,-34.36502,25,50,3454.695032
-10.138702,-29.562124,12,50,3457.007365
-8.286731,-42.289,28,50,3459.047566
-7.030369,-29.34207,14,50,3461.235201
-5.672918,-27.354997,12,50,3463.976378
-5.702242,-25.895853,12,50,3466.066664
-8.403525,-49.967263,42,50,3468.131295
-11.031446,-30.890701,14,50,3470.572091
-3.874987,-13.376749,6,50,3472.961133
-12.156568,-25.031208,9,50,3475.013811
-8.504121,-43.593193,37,50,3477.168731
-4.078687,-55.482048,33,50,3479.714438
-5.96579,-36.195319,32,50,3481.87882
-13.792306,-29.249768,17,50,3483.968494
-9.309585,-48.968745,39,50,3486.39839
-4.516954,-29.327129,22,50,3488.834229
-7.02584,-25.856308,4,50,3490.852523
-11.744882,-34.982015,19,50,3492.94415
-4.78529,-47.752603,40,50,3495.351004
-8.512203,-51.725452,33,50,3497.758245
-6.885669,-26.950509,6,50,3499.817818
-6.523512,-33.293178,24,50,3501.940928
-6.035918,-42.845632,34,50,3504.407684
-7.108163,-46.010547,35,50,3506.831935
-5.153751,-28.832089,13,50,3509.10111
-7.630256,-29.63228,10,50,3511.324181
-7.148689,-33.719275,20,50,3513.866805
-6.760895,-43.330698,35,50,3516.042085
-8.161395,-39.284257,16,50,3518.091499
-5.898138,-43.039776,34,50,3520.410236
-3.927638,-22.193996,7,50,3522.975752
-14.744775,-28.463136,13,50,3525.06294
-8.637737,-37.934338,26,50,3527.150158
-4.504127,-22.372868,14,50,3529.65659
-8.76737,-24.009282,10,50,3531.986333
-4.737136,-30.588947,21,50,3534.065612
-11.806675,-38.985697,27,50,3536.123694
-12.048499,-36.101932,27,50,3538.60729
-10.173298,-29.759408,13,50,3540.959705
-7.179838,-35.088061,17,50,3543.032229
-7.575456,-39.914175,26,50,3545.208246
-6.384296,-39.824684,28,50,3547.795848
-4.071825,-25.355054,11,50,3549.861124
-12.2099,-30.173755,14,50,3551.941423
-11.473842,-31.627722,17,50,3554.556152
-9.098517,-32.743201,14,50,3557.054246
-10.341413,-36.439877,24,50,3559.131005
-5.599962,-35.163555,27,50,3561.214062
-11.447506,-38.961638,24,50,3563.565737
-7.337726,-37.809981,23,50,3566.18053
-17.506836,-12.533034,5,50,3568.235166
-6.164171,-44.987534,33,50,3570.301566
-7.247047,-31.33628,19,50,3572.615911
-6.562522,-31.044921,12,50,3575.204537
-4.948784,-46.460183,29,50,3577.344975
-4.659239,-22.43163,7,50,3579.551406
-11.115082,-22.425719,11,50,3582.051915
-6.00745,-48.001947,41,50,3584.364737
-6.289285,-41.843873,33,50,3586.387697
-12.576967,-35.022602,27,50,3588.465591
-12.801909,-33.343433,17,50,3591.038386
-11.824457,-32.83684,18,50,3593.197891
-7.140667,-22.857794,5,50,3595.23341
-5.622333,-59.061027,34,50,3597.328316
-3.431066,-14.328575,5,50,3600.188308
-8.28554,-37.94971,26,50,3602.4506
-12.844671,-25.849856,10,50,3604.530559
-12.022171,-29.482376,13,50,3606.965914
-11.943739,-51.298856,39,50,3609.471697
-7.321867,-41.019863,32,50,3611.587678
-6.510729,-41.596595,32,50,3613.590766
-3.924686,-18.407266,9,50,3616.067497
-10.447787,-44.694267,35,50,3618.512345
-3.91615,-20.366972,11,50,3620.676871
-11.632792,-28.590337,12,50,3622.897063
-13.669284,-45.858044,28,50,3625.394092
-4.378227,-25.115792,18,50,3627.621168
-9.388092,-40.009706,32,50,3629.733036
-9.775416,-35.600697,19,50,3632.053013
-8.346581,-24.920746,15,50,3634.564268
-9.106387,-24.389996,12,50,3636.599107
-3.650205,-28.56515,4,50,3638.741296
-6.690879,-35.3012,22,50,3641.138883
-5.002695,-29.178112,7,50,3643.687171
-7.946855,-40.657235,33,50,3646.041423
-5.746306,-48.584512,35,50,3648.270422
-5.805359,-39.745903,29,50,3650.848241
-5.215781,-45.768572,32,50,3653.080967
-6.90833,-41.979998,27,50,3655.081893
-6.841058,-27.707573,6,50,3657.105589
-8.050544,-34.448489,18,50,3659.39514
-13.225551,-34.026284,28,50,3661.939798
-7.21228,-40.342277,25,50,3664.109915
-8.885433,-40.006851,33,50,3666.156821
-6.499102,-45.907971,33,50,3668.627926
-4.962512,-44.005119,38,50,3671.13895
-5.462958,-29.622537,7,50,3673.226869
-4.562217,-21.886702,0,50,3675.282001
-4.125117,-19.802888,10,50,3677.698892
-8.02794,-40.528594,17,50,3680.295438
-7.228165,-57.942938,36,50,3682.422799
-7.467959,-38.239149,32,50,3684.582974
-5.883237,-36.655006,20,50,3687.085659
-4.677089,-28.926007,15,50,3689.493876
-4.168281,-45.756971,32,50,3691.853455
-12.831217,-27.238254,14,50,3694.04037
-6.979418,-33.365234,21,50,3696.556216
-7.036232,-42.40633,30,50,3698.871507
-9.844803,-38.139387,24,50,3700.87075
-8.909276,-42.726348,36,50,3702.828597
-8.193129,-32.130945,16,50,3705.384416
-4.754222,-49.388819,31,50,3708.001641
-8.603303,-39.851284,29,50,3710.050226
-12.595173,-30.789357,12,50,3712.145684
-4.821325,-45.702983,32,50,3714.392948
-4.743105,-40.574856,30,50,3717.068871
-5.254522,-40.504984,29,50,3719.401781
-5.618046,-26.126042,10,50,3721.512892
-7.352196,-33.206242,16,50,3723.558514
-10.143742,-42.500197,41,50,3726.183815
-5.244791,-37.24552,31,50,3728.759438
-7.907547,-36.362383,19,50,3730.900328
-5.514006,-37.908328,32,50,3733.022815
-6.732333,-33.745458,19,50,3735.659501
-6.624549,-34.013887,18,50,3738.412011
-4.649537,-39.810865,29,50,3740.631571
-11.895868,-34.298358,25,50,3742.573124
-7.020148,-34.25572,20,50,3745.220019
-10.518598,-37.525814,21,50,3747.762445
-13.433539,-26.339253,13,50,3749.971632
-10.685518,-40.628036,32,50,3752.070228
-6.460675,-34.45781,17,50,3754.594709
-5.150297,-54.494648,34,50,3757.336021
-4.467383,-29.234744,28,50,3759.434769
-4.506268,-37.150283,30,50,3761.658572
-7.698526,-26.731583,4,50,3764.017186
-8.51375,-28.502336,18,50,3766.694628
-12.958298,-31.774477,18,50,3769.076592
-5.857649,-44.693191,31,50,3771.202564
-6.154663,-34.062619,32,50,3773.659438
-5.418818,-25.003057,21,50,3776.324604
-6.049057,-32.950876,14,50,3778.5487
-2.95029,-16.728599,0,50,3780.715194
-4.625874,-38.688938,38,50,3783.284487
-10.409202,-35.904613,20,50,3786.174744
-3.482439,-24.055475,4,50,3788.297845
-10.834375,-30.919348,17,50,3790.431447
-4.36815,-34.192968,27,50,3793.040647
-3.817101,-18.88489,0,50,3795.533266
-9.593393,-35.526501,25,50,3797.642311
-4.640717,-20.064668,12,50,3799.743449
-6.954332,-23.797298,12,50,3802.363069
-5.601393,-27.139285,21,50,3804.814041
-11.237043,-40.886882,36,50,3806.948699
-6.714717,-32.624772,28,50,3809.184651
-2.806882,-18.923616,0,50,3811.951785
-3.842466,-13.425415,0,50,3814.414775
-3.052401,-18.379551,0,50,3816.562034
-5.120358,-26.861022,22,50,3818.835362
-5.796392,-38.797847,17,50,3821.524029
-11.708559,-21.131952,15,50,3823.887167
-7.342136,-11.686738,0,50,3826.03451
-8.055963,-42.468718,37,50,3828.412597
-6.220806,-19.744924,5,50,3831.066954
-2.929534,-15.334613,0,50,3833.671187
-4.2963,-36.393296,30,50,3835.729417
-7.724451,-34.475804,30,50,3838.315607
-9.771229,-32.431523,12,50,3840.989496
-6.638736,-33.017515,13,50,3843.171
-16.854301,-14.752928,9,50,3845.362629
-6.032689,-37.293929,33,50,3848.034421
-6.20159,-39.867269,38,50,3850.463479
-4.157048,-33.915181,25,50,3852.535193
-7.106706,-32.873597,28,50,3854.598125
-5.149259,-30.085414,23,50,3857.27145
-10.764166,-32.532358,12,50,3859.706576
-4.835773,-26.686824,15,50,3861.840117
-8.469304,-47.603899,27,50,3864.104364
-9.50372,-29.261734,3,50,3866.709992
-15.110217,-43.865015,34,50,3869.06631
-6.616659,-32.956755,28,50,3871.252861
-3.59628,-25.426472,5,50,3873.593709
-11.34689,-23.751452,0,50,3876.196724
-7.832656,-43.55376,36,50,3878.488665
-5.420797,-39.814452,31,50,3881.131693
-9.311652,-43.017739,38,50,3883.772836
-3.686698,-32.326002,25,50,3886.409102
-6.45171,-41.210807,39,50,3888.579717
-7.069321,-21.545064,0,50,3890.613353
-7.679524,-47.285298,35,50,3893.260571
-7.928604,-43.21548,23,50,3895.822943
-5.86247,-39.478379,34,50,3897.999783
-6.221797,-54.623924,41,50,3900.05178
-14.818111,-53.34377,40,50,3902.539066
-8.023481,-35.06442,28,50,3905.189287
-4.605796,-43.971328,24,50,3907.340184
-6.738812,-39.479393,28,50,3909.386923
-4.505435,-47.498462,27,50,3911.73982
-4.697804,-40.49431,29,50,3914.364245
-11.186207,-40.288763,19,50,3916.776698
-5.802956,-48.306461,40,50,3918.811292
-10.353681,-57.624756,42,50,3920.820266
-6.91641,-61.110976,41,50,3923.23665
-6.801075,-29.133186,12,50,3925.836023
-11.431409,-59.158636,40,50,3928.512462
-10.763264,-49.691154,37,50,3930.595883
-10.018766,-59.596793,40,50,3932.87534
-5.08433,-22.547831,15,50,3935.570968
-8.8726,-54.787333,37,50,3937.958779
-5.512792,-25.339768,16,50,3940.032534
-8.623061,-30.65546,8,50,3941.955961
-7.773607,-47.270982,35,50,3944.43031
-2.408307,-18.665689,0,50,3947.027987
-13.818003,-37.113972,24,50,3949.257098
-15.364143,-52.564514,37,50,3951.30324
-14.839169,-36.839284,29,50,3953.204433
-7.842476,-16.385815,0,50,3955.722878
-3.447053,-36.077674,29,50,3958.375581
-5.001047,-41.301302,37,50,3960.667772
-7.343573,-44.386085,30,50,3962.72941
-4.427959,-17.624458,0,50,3964.937496
-6.335663,-56.355411,42,50,3967.524204
-9.015229,-52.716431,33,50,3970.01002
-9.129608,-47.917207,32,50,3972.002813
-10.947729,-55.003223,43,50,3974.341436
-12.018231,-17.851441,3,50,3976.957554
-6.115287,-26.675881,2,50,3979.625914
-9.475664,-39.094511,31,50,3981.771827
-8.138942,-48.729144,34,50,3983.807447
-6.994775,-22.360145,7,50,3986.117081
-3.375,-2.795384,0,50,3988.811778
-7.347498,-23.900235,11,50,3991.108225
-8.180206,-33.007625,30,50,3993.292166
-2.928934,-14.879516,0,50,3995.809389
-10.114365,-51.731916,35,50,3998.470207
-17.442699,-40.713516,31,50,4000.601868
-5.880822,-56.911532,41,50,4002.669769
-8.514056,-21.797916,13,50,4004.94875
-5.111578,-34.803587,22,50,4007.679874
-3.883486,-33.601383,29,50,4010.201757
-8.040147,-48.417927,32,50,4012.34022
-6.18857,-28.67511,18,50,4014.537488
-8.144797,-29.710053,21,50,4017.201582
-3.041552,-8.368631,0,50,4019.632907
-7.060554,-28.930784,6,50,4022.161308
-6.820891,-37.693913,36,50,4024.466609
-3.996748,-32.81698,27,50,4027.148059
-9.636955,-38.534108,26,50,4029.401761
-2.684839,-16.993573,0,50,4031.555157
-7.566703,-38.849312,35,50,4033.785356
-9.860324,-72.162911,42,50,4036.458279
-6.335492,-33.643143,28,50,4038.884921
-11.877745,-71.017875,43,50,4041.003416
-6.727045,-38.167058,30,50,4043.201837
-7.392082,-40.957225,32,50,4045.764216
-2.582042,-12.590194,0,50,4048.282515
-7.055753,-36.770713,32,50,4050.430861
-7.423274,-31.255848,20,50,4052.439579
-4.407537,-13.095784,0,50,4054.758372
-6.68673,-24.820319,2,50,4057.355216
-5.631275,-29.548726,17,50,4059.874105
-9.852253,-41.609893,23,50,4062.044798
-7.336838,-6.047773,0,50,4064.102181
-8.88735,-36.009408,19,50,4066.772123
-13.946718,-49.242751,40,50,4069.587057
-5.159757,-17.393766,0,50,4071.750615
-11.077172,-43.851374,28,50,4073.875896
-5.967133,-56.854219,36,50,4076.532566
-5.467868,-43.625417,26,50,4079.033003
-2.256241,-7.350621,0,50,4081.123718
-4.757529,-44.378503,34,50,4083.168646
-8.35775,-53.630931,40,50,4085.807315
-5.402641,-24.255674,5,50,4088.414272
-9.338105,-34.835133,28,50,4090.587268
-5.420575,-30.20023,23,50,4092.591097
-5.272781,-32.971626,23,50,4095.193635
-5.065999,-31.988757,25,50,4097.892995
-7.118023,-52.592404,32,50,4099.900253
-7.386007,-32.217002,19,50,4101.814976
-9.547302,-43.321041,30,50,4103.808777
-8.55729,-43.963895,42,50,4105.77222
-11.412292,-56.088032,31,50,4107.693482
-7.028838,-50.47736,42,50,4109.624044
-8.198369,-5.183685,0,50,4111.61692
